month_id,area_id,area_id_cbss,city_id_cbss,service_type,user_id,comp_id,device_number,main_device_number,bind_type,comp_type,comp_type_cbss,start_date,end_date,channel_id,is_user_valid,is_comp_valid,is_stat,is_innet,is_this_dev,innet_date,user_rn_type,part_id,day_id,prov_id
202603,110000,110000,110000,01,U00001,,13000000001,13000000001,,,,2026-03-24 17:45:17,2026-03-24 17:45:17,CH849,1,1,1,1,0,2026-01-22 17:45:17,3.0072804976,1,24,11
202603,310000,310000,310000,01,U00002,,13000000002,13000000002,,,,2026-03-24 17:45:17,2026-03-24 17:45:17,CH459,1,1,1,1,0,2024-09-08 17:45:17,2.8921196706,1,24,31
202603,440000,440000,440000,01,U00003,,13000000003,13000000003,,,,2026-03-24 17:45:17,2026-03-24 17:45:17,CH246,1,1,1,1,0,2024-04-25 17:45:17,1.6651996312,1,24,44
202603,320000,320000,320000,01,U00004,,13000000004,13000000004,,,,2026-03-24 17:45:17,2026-03-24 17:45:17,CH166,1,1,1,1,0,2024-05-22 17:45:17,2.1087707095,1,24,32
202603,510000,510000,510000,01,U00005,,13000000005,13000000005,,,,2026-03-24 17:45:17,2026-03-24 17:45:17,CH430,1,1,1,1,0,2024-08-02 17:45:17,3.413076976,1,24,51
202603,330000,330000,330000,01,U00006,,13000000006,13000000006,,,,2026-03-24 17:45:17,2026-03-24 17:45:17,CH192,1,1,1,1,0,2024-04-28 17:45:17,3.4318672267,1,24,33
202603,120000,120000,120000,01,U00007,,13000000007,13000000007,,,,2026-03-24 17:45:17,2026-03-24 17:45:17,CH662,1,1,1,1,0,2024-08-06 17:45:17,4.7283383251,1,24,12
202603,110000,110000,110000,01,U00008,,13000000008,13000000008,,,,2026-03-24 17:45:17,2026-03-24 17:45:17,CH444,1,1,1,1,0,2025-12-11 17:45:17,2.0989890016,1,24,11
202603,310000,310000,310000,01,U00009,,13000000009,13000000009,,,,2026-03-24 17:45:17,2026-03-24 17:45:17,CH716,1,1,1,1,0,2025-10-23 17:45:17,1.2137704459,1,24,31
202603,440000,440000,440000,01,U00010,,13000000010,13000000010,,,,2026-03-24 17:45:17,2026-03-24 17:45:17,CH702,1,1,1,1,0,2024-06-17 17:45:17,4.8362089989,1,24,44
202603,320000,320000,320000,01,U00011,,13000000011,13000000011,,,,2026-03-24 17:45:17,2026-03-24 17:45:17,CH746,1,1,1,1,0,2025-04-04 17:45:17,1.2986090185,1,24,32
202603,510000,510000,510000,01,U00012,,13000000012,13000000012,,,,2026-03-24 17:45:17,2026-03-24 17:45:17,CH472,1,1,1,1,0,2025-02-03 17:45:17,2.6243100643,1,24,51
202603,330000,330000,330000,01,U00013,,13000000013,13000000013,,,,2026-03-24 17:45:17,2026-03-24 17:45:17,CH805,1,1,1,1,0,2024-08-04 17:45:17,4.0804568938,1,24,33
202603,120000,120000,120000,01,U00014,,13000000014,13000000014,,,,2026-03-24 17:45:17,2026-03-24 17:45:17,CH321,1,1,1,1,0,2026-02-15 17:45:17,3.4277780706,1,24,12
202603,110000,110000,110000,01,U00015,,13000000015,13000000015,,,,2026-03-24 17:45:17,2026-03-24 17:45:17,CH556,1,1,1,1,0,2024-11-16 17:45:17,2.5993027537,1,24,11
202603,310000,310000,310000,01,U00016,,13000000016,13000000016,,,,2026-03-24 17:45:17,2026-03-24 17:45:17,CH977,1,1,1,1,0,2025-06-02 17:45:17,4.7123235772,1,24,31
202603,440000,440000,440000,01,U00017,,13000000017,13000000017,,,,2026-03-24 17:45:17,2026-03-24 17:45:17,CH540,1,1,1,1,0,2024-08-15 17:45:17,3.7599316924,1,24,44
202603,320000,320000,320000,01,U00018,,13000000018,13000000018,,,,2026-03-24 17:45:17,2026-03-24 17:45:17,CH214,1,1,1,1,0,2024-05-23 17:45:17,1.7009658025,1,24,32
202603,510000,510000,510000,01,U00019,,13000000019,13000000019,,,,2026-03-24 17:45:17,2026-03-24 17:45:17,CH749,1,1,1,1,0,2024-11-13 17:45:17,1.9331121982,1,24,51
202603,330000,330000,330000,01,U00020,,13000000020,13000000020,,,,2026-03-24 17:45:17,2026-03-24 17:45:17,CH510,1,1,1,1,0,2025-09-15 17:45:17,1.4210388705,1,24,33
202603,120000,120000,120000,01,U00021,,13000000021,13000000021,,,,2026-03-24 17:45:17,2026-03-24 17:45:17,CH871,1,1,1,1,0,2025-05-08 17:45:17,4.7793250481,1,24,12
202603,110000,110000,110000,01,U00022,,13000000022,13000000022,,,,2026-03-24 17:45:17,2026-03-24 17:45:17,CH403,1,1,1,1,0,2024-11-11 17:45:17,3.5428806397,1,24,11
202603,310000,310000,310000,01,U00023,,13000000023,13000000023,,,,2026-03-24 17:45:17,2026-03-24 17:45:17,CH809,1,1,1,1,0,2025-08-13 17:45:17,2.5322119561,1,24,31
202603,440000,440000,440000,01,U00024,,13000000024,13000000024,,,,2026-03-24 17:45:17,2026-03-24 17:45:17,CH845,1,1,1,1,0,2025-04-11 17:45:17,1.6759004583,1,24,44
202603,320000,320000,320000,01,U00025,,13000000025,13000000025,,,,2026-03-24 17:45:17,2026-03-24 17:45:17,CH269,1,1,1,1,0,2025-07-31 17:45:17,2.5297145716,1,24,32
202603,510000,510000,510000,01,U00026,,13000000026,13000000026,,,,2026-03-24 17:45:17,2026-03-24 17:45:17,CH893,1,1,1,1,0,2024-12-12 17:45:17,4.3471742361,1,24,51
202603,330000,330000,330000,01,U00027,,13000000027,13000000027,,,,2026-03-24 17:45:17,2026-03-24 17:45:17,CH474,1,1,1,1,0,2024-09-04 17:45:17,3.2254921682,1,24,33
202603,120000,120000,120000,01,U00028,,13000000028,13000000028,,,,2026-03-24 17:45:17,2026-03-24 17:45:17,CH991,1,1,1,1,0,2025-08-28 17:45:17,3.8992034957,1,24,12
202603,110000,110000,110000,01,U00029,,13000000029,13000000029,,,,2026-03-24 17:45:17,2026-03-24 17:45:17,CH719,1,1,1,1,0,2025-03-10 17:45:17,4.3372877568,1,24,11
202603,310000,310000,310000,01,U00030,,13000000030,13000000030,,,,2026-03-24 17:45:17,2026-03-24 17:45:17,CH712,1,1,1,1,0,2025-11-21 17:45:17,2.6181238281,1,24,31
202603,440000,440000,440000,01,U00031,,13000000031,13000000031,,,,2026-03-24 17:45:17,2026-03-24 17:45:17,CH788,1,1,1,1,0,2025-05-20 17:45:17,2.2560840513,1,24,44
202603,320000,320000,320000,01,U00032,,13000000032,13000000032,,,,2026-03-24 17:45:17,2026-03-24 17:45:17,CH693,1,1,1,1,0,2024-10-29 17:45:17,2.1310860562,1,24,32
202603,510000,510000,510000,01,U00033,,13000000033,13000000033,,,,2026-03-24 17:45:17,2026-03-24 17:45:17,CH147,1,1,1,1,0,2024-11-03 17:45:17,2.3899644433,1,24,51
202603,330000,330000,330000,01,U00034,,13000000034,13000000034,,,,2026-03-24 17:45:17,2026-03-24 17:45:17,CH367,1,1,1,1,0,2025-12-19 17:45:17,2.0372787315,1,24,33
202603,120000,120000,120000,01,U00035,,13000000035,13000000035,,,,2026-03-24 17:45:17,2026-03-24 17:45:17,CH458,1,1,1,1,0,2024-05-28 17:45:17,3.3878413466,1,24,12
202603,110000,110000,110000,01,U00036,,13000000036,13000000036,,,,2026-03-24 17:45:17,2026-03-24 17:45:17,CH761,1,1,1,1,0,2025-10-16 17:45:17,1.1336655208,1,24,11
202603,310000,310000,310000,01,U00037,,13000000037,13000000037,,,,2026-03-24 17:45:17,2026-03-24 17:45:17,CH742,1,1,1,1,0,2025-06-09 17:45:17,1.9490031359,1,24,31
202603,440000,440000,440000,01,U00038,,13000000038,13000000038,,,,2026-03-24 17:45:17,2026-03-24 17:45:17,CH525,1,1,1,1,0,2025-02-03 17:45:17,3.0896041543,1,24,44
202603,320000,320000,320000,01,U00039,,13000000039,13000000039,,,,2026-03-24 17:45:17,2026-03-24 17:45:17,CH243,1,1,1,1,0,2025-04-12 17:45:17,2.1750096522,1,24,32
202603,510000,510000,510000,01,U00040,,13000000040,13000000040,,,,2026-03-24 17:45:17,2026-03-24 17:45:17,CH610,1,1,1,1,0,2024-04-14 17:45:17,1.7751338015,1,24,51
202603,330000,330000,330000,01,U00041,,13000000041,13000000041,,,,2026-03-24 17:45:17,2026-03-24 17:45:17,CH733,1,1,1,1,0,2025-03-21 17:45:17,2.6169833148,1,24,33
202603,120000,120000,120000,01,U00042,,13000000042,13000000042,,,,2026-03-24 17:45:17,2026-03-24 17:45:17,CH687,1,1,1,1,0,2025-08-12 17:45:17,3.8451636032,1,24,12
202603,110000,110000,110000,01,U00043,,13000000043,13000000043,,,,2026-03-24 17:45:17,2026-03-24 17:45:17,CH304,1,1,1,1,0,2025-02-10 17:45:17,3.3652610811,1,24,11
202603,310000,310000,310000,01,U00044,,13000000044,13000000044,,,,2026-03-24 17:45:17,2026-03-24 17:45:17,CH659,1,1,1,1,0,2025-08-17 17:45:17,4.9727712667,1,24,31
202603,440000,440000,440000,01,U00045,,13000000045,13000000045,,,,2026-03-24 17:45:17,2026-03-24 17:45:17,CH921,1,1,1,1,0,2025-05-08 17:45:17,2.441934414,1,24,44
202603,320000,320000,320000,01,U00046,COMP44472,13000000046,13000000046,2,74,74,2025-09-16 17:45:17,2026-07-06 17:45:17,CH570,1,1,1,1,0,2026-01-17 17:45:17,2.0342501053,1,24,32
202603,510000,510000,510000,01,U00047,COMP13195,13000000047,13000000003,3,77,77,2025-12-12 17:45:17,2026-09-05 17:45:17,CH643,1,1,1,1,0,2025-03-08 17:45:17,4.8939325654,1,24,51
202603,330000,330000,330000,01,U00048,COMP96078,13000000048,13000000048,3,74,74,2025-08-01 17:45:17,2027-04-14 17:45:17,CH697,1,1,1,1,0,2024-08-09 17:45:17,2.0598187718,1,24,33
202603,120000,120000,120000,01,U00049,COMP29082,13000000049,13000000049,1,71,71,2025-12-26 17:45:17,2026-11-21 17:45:17,CH691,1,1,1,1,0,2024-07-18 17:45:17,3.4751934326,1,24,12
202603,110000,110000,110000,01,U00050,COMP18579,13000000050,13000000004,3,73,73,2026-01-15 17:45:17,2026-11-24 17:45:17,CH698,1,1,1,1,0,2024-03-26 17:45:17,4.0800844523,1,24,11
202603,310000,310000,310000,01,U00051,COMP72157,13000000051,13000000051,2,74,74,2026-01-20 17:45:17,2027-05-27 17:45:17,CH525,1,1,1,1,0,2025-12-21 17:45:17,1.0360816106,1,24,31
202603,440000,440000,440000,01,U00052,COMP30860,13000000052,13000000052,3,72,72,2025-05-14 17:45:17,2026-04-10 17:45:17,CH309,1,1,1,1,0,2024-10-16 17:45:17,3.4795661159,1,24,44
202603,320000,320000,320000,01,U00053,COMP26254,13000000053,13000000053,2,74,74,2025-03-30 17:45:17,2026-03-30 17:45:17,CH515,1,1,1,1,0,2025-08-26 17:45:17,3.3454047536,1,24,32
202603,510000,510000,510000,01,U00054,COMP83034,13000000054,13000000054,2,72,72,2025-12-29 17:45:17,2027-07-19 17:45:17,CH846,1,1,1,1,0,2024-07-15 17:45:17,1.1757189303,1,24,51
202603,330000,330000,330000,01,U00055,COMP40125,13000000055,13000000006,2,77,77,2025-09-15 17:45:17,2026-09-19 17:45:17,CH761,1,1,1,1,0,2024-12-04 17:45:17,4.0200161083,1,24,33
202603,120000,120000,120000,01,U00056,COMP91214,13000000056,13000000007,1,71,71,2025-12-29 17:45:17,2026-11-10 17:45:17,CH269,1,1,1,1,0,2024-07-02 17:45:17,3.1599912866,1,24,12
202603,110000,110000,110000,01,U00057,,13000000057,13000000057,,,,2026-03-24 17:45:17,2026-03-24 17:45:17,CH135,1,1,1,1,0,2024-11-26 17:45:17,4.6681620506,1,24,11
202603,310000,310000,310000,01,U00058,,13000000058,13000000058,,,,2026-03-24 17:45:17,2026-03-24 17:45:17,CH751,1,1,1,1,0,2024-05-23 17:45:17,2.6155956017,1,24,31
202603,440000,440000,440000,01,U00059,,13000000059,13000000059,,,,2026-03-24 17:45:17,2026-03-24 17:45:17,CH323,1,1,1,1,0,2025-03-07 17:45:17,1.6865246832,1,24,44
202603,320000,320000,320000,01,U00060,,13000000060,13000000060,,,,2026-03-24 17:45:17,2026-03-24 17:45:17,CH908,1,1,1,1,0,2025-04-13 17:45:17,1.7653808835,1,24,32
202603,510000,510000,510000,01,U00061,,13000000061,13000000061,,,,2026-03-24 17:45:17,2026-03-24 17:45:17,CH384,1,1,1,1,0,2025-05-14 17:45:17,2.9292524212,1,24,51
202603,330000,330000,330000,01,U00062,COMP75532,13000000062,13000000001,2,74,74,2025-09-29 17:45:17,2027-05-20 17:45:17,CH180,1,1,1,1,0,2024-09-17 17:45:17,4.8759743699,1,24,33
202603,120000,120000,120000,01,U00063,,13000000063,13000000063,,,,2026-03-24 17:45:17,2026-03-24 17:45:17,CH600,1,1,1,1,0,2024-11-04 17:45:17,3.9571012145,1,24,12
202603,110000,110000,110000,01,U00064,,13000000064,13000000064,,,,2026-03-24 17:45:17,2026-03-24 17:45:17,CH503,1,1,1,1,0,2025-03-27 17:45:17,2.8894548211,1,24,11
202603,310000,310000,310000,01,U00065,,13000000065,13000000065,,,,2026-03-24 17:45:17,2026-03-24 17:45:17,CH756,1,1,1,1,0,2025-06-21 17:45:17,2.156924239,1,24,31
202603,440000,440000,440000,01,U00066,COMP95475,13000000066,13000000009,1,71,71,2025-05-31 17:45:17,2027-03-31 17:45:17,CH895,1,1,1,1,0,2026-01-08 17:45:17,1.8838896313,1,24,44
202603,320000,320000,320000,01,U00067,COMP81889,13000000067,13000000007,3,71,71,2025-09-18 17:45:17,2026-12-18 17:45:17,CH384,1,1,1,1,0,2025-10-04 17:45:17,3.558460154,1,24,32
202603,510000,510000,510000,01,U00068,COMP45861,13000000068,13000000010,3,77,77,2025-05-11 17:45:17,2026-04-14 17:45:17,CH835,1,1,1,1,0,2026-02-21 17:45:17,1.9309090353,1,24,51
202603,330000,330000,330000,01,U00069,,13000000069,13000000069,,,,2026-03-24 17:45:17,2026-03-24 17:45:17,CH474,1,1,1,1,0,2025-07-03 17:45:17,2.8206106594,1,24,33
202603,120000,120000,120000,01,U00070,COMP33726,13000000070,13000000001,1,72,72,2025-11-03 17:45:17,2027-05-07 17:45:17,CH150,1,1,1,1,0,2024-11-25 17:45:17,4.6840273999,1,24,12
202603,110000,110000,110000,01,U00071,COMP15753,13000000071,13000000071,1,71,71,2025-06-19 17:45:17,2026-01-26 17:45:17,CH782,1,1,1,1,0,2026-02-08 17:45:17,2.6320850648,1,24,11
202603,310000,310000,310000,01,U00072,,13000000072,13000000072,,,,2026-03-24 17:45:17,2026-03-24 17:45:17,CH253,1,1,1,1,0,2025-10-20 17:45:17,4.9638329124,1,24,31
202603,440000,440000,440000,01,U00073,,13000000073,13000000073,,,,2026-03-24 17:45:17,2026-03-24 17:45:17,CH390,1,1,1,1,0,2025-08-19 17:45:17,2.0767918714,1,24,44
202603,320000,320000,320000,01,U00074,COMP41793,13000000074,13000000001,2,77,77,2025-12-16 17:45:17,2027-06-27 17:45:17,CH555,1,1,1,1,0,2025-05-31 17:45:17,1.1678477435,1,24,32
202603,510000,510000,510000,01,U00075,COMP37646,13000000075,13000000003,3,74,74,2025-11-18 17:45:17,2027-06-27 17:45:17,CH783,1,1,1,1,0,2024-07-15 17:45:17,3.498133683,1,24,51
202603,330000,330000,330000,01,U00076,,13000000076,13000000076,,,,2026-03-24 17:45:17,2026-03-24 17:45:17,CH727,1,1,1,1,0,2025-05-09 17:45:17,3.499449292,1,24,33
202603,120000,120000,120000,01,U00077,COMP11156,13000000077,13000000077,1,73,73,2025-04-14 17:45:17,2026-03-25 17:45:17,CH456,1,1,1,1,0,2024-08-26 17:45:17,3.6665745239,1,24,12
202603,110000,110000,110000,01,U00078,,13000000078,13000000078,,,,2026-03-24 17:45:17,2026-03-24 17:45:17,CH253,1,1,1,1,0,2025-12-03 17:45:17,4.9945105859,1,24,11
202603,310000,310000,310000,01,U00079,COMP38976,13000000079,13000000079,2,74,74,2025-04-23 17:45:17,2027-03-18 17:45:17,CH364,1,1,1,1,0,2025-10-15 17:45:17,4.6414011337,1,24,31
202603,440000,440000,440000,01,U00080,COMP76571,13000000080,13000000080,3,77,77,2025-06-21 17:45:17,2025-12-31 17:45:17,CH896,1,1,1,1,0,2025-07-23 17:45:17,3.5878572225,1,24,44
202603,320000,320000,320000,01,U00081,,13000000081,13000000081,,,,2026-03-24 17:45:17,2026-03-24 17:45:17,CH992,1,1,1,1,0,2024-10-27 17:45:17,1.7061886262,1,24,32
202603,510000,510000,510000,01,U00082,,13000000082,13000000082,,,,2026-03-24 17:45:17,2026-03-24 17:45:17,CH730,1,1,1,1,0,2025-03-22 17:45:17,2.0306883195,1,24,51
202603,330000,330000,330000,01,U00083,,13000000083,13000000083,,,,2026-03-24 17:45:17,2026-03-24 17:45:17,CH838,1,1,1,1,0,2025-06-30 17:45:17,1.8955365083,1,24,33
202603,120000,120000,120000,01,U00084,COMP32493,13000000084,13000000001,3,74,74,2025-10-12 17:45:17,2027-05-11 17:45:17,CH947,1,1,1,1,0,2025-05-25 17:45:17,2.9234525883,1,24,12
202603,110000,110000,110000,01,U00085,COMP37034,13000000085,13000000004,1,77,77,2025-12-22 17:45:17,2026-09-24 17:45:17,CH446,1,1,1,1,0,2025-04-24 17:45:17,4.5574097995,1,24,11
202603,310000,310000,310000,01,U00086,COMP63751,13000000086,13000000086,2,73,73,2025-04-20 17:45:17,2025-12-29 17:45:17,CH653,1,1,1,1,0,2024-05-09 17:45:17,1.7930009267,1,24,31
202603,440000,440000,440000,01,U00087,COMP48738,13000000087,13000000009,2,71,71,2025-07-29 17:45:17,2026-05-16 17:45:17,CH766,1,1,1,1,0,2024-04-27 17:45:17,3.543698509,1,24,44
202603,320000,320000,320000,01,U00088,,13000000088,13000000088,,,,2026-03-24 17:45:17,2026-03-24 17:45:17,CH595,1,1,1,1,0,2024-11-23 17:45:17,1.4397774647,1,24,32
202603,510000,510000,510000,01,U00089,,13000000089,13000000089,,,,2026-03-24 17:45:17,2026-03-24 17:45:17,CH606,1,1,1,1,0,2025-04-17 17:45:17,3.9893608767,1,24,51
202603,330000,330000,330000,01,U00090,COMP69767,13000000090,13000000006,3,72,72,2025-04-16 17:45:17,2026-03-19 17:45:17,CH913,1,1,1,1,0,2025-08-21 17:45:17,2.5297692513,1,24,33
202603,120000,120000,120000,01,U00091,,13000000091,13000000091,,,,2026-03-24 17:45:17,2026-03-24 17:45:17,CH709,1,1,1,1,0,2025-12-11 17:45:17,4.5695864743,1,24,12
202603,110000,110000,110000,01,U00092,COMP65698,13000000092,13000000001,3,74,74,2025-04-17 17:45:17,2026-01-04 17:45:17,CH476,1,1,1,1,0,2025-07-23 17:45:17,1.7489792232,1,24,11
202603,310000,310000,310000,01,U00093,,13000000093,13000000093,,,,2026-03-24 17:45:17,2026-03-24 17:45:17,CH552,1,1,1,1,0,2025-12-30 17:45:17,2.3038583927,1,24,31
202603,440000,440000,440000,01,U00094,COMP56390,13000000094,13000000005,3,71,71,2025-04-07 17:45:17,2026-08-11 17:45:17,CH649,1,1,1,1,0,2025-02-25 17:45:17,1.7698925069,1,24,44
202603,320000,320000,320000,01,U00095,,13000000095,13000000095,,,,2026-03-24 17:45:17,2026-03-24 17:45:17,CH931,1,1,1,1,0,2024-10-15 17:45:17,1.2186025089,1,24,32
202603,510000,510000,510000,01,U00096,,13000000096,13000000096,,,,2026-03-24 17:45:17,2026-03-24 17:45:17,CH976,1,1,1,1,0,2025-05-30 17:45:17,4.2670053642,1,24,51
202603,330000,330000,330000,01,U00097,,13000000097,13000000097,,,,2026-03-24 17:45:17,2026-03-24 17:45:17,CH320,1,1,1,1,0,2024-06-08 17:45:17,3.4401412641,1,24,33
202603,120000,120000,120000,01,U00098,,13000000098,13000000098,,,,2026-03-24 17:45:17,2026-03-24 17:45:17,CH789,1,1,1,1,0,2025-07-29 17:45:17,4.0094539202,1,24,12
202603,110000,110000,110000,01,U00099,,13000000099,13000000099,,,,2026-03-24 17:45:17,2026-03-24 17:45:17,CH763,1,1,1,1,0,2024-12-18 17:45:17,1.555501298,1,24,11
202603,310000,310000,310000,01,U00100,COMP37917,13000000100,13000000009,3,72,72,2025-09-13 17:45:17,2026-10-25 17:45:17,CH832,1,1,1,1,0,2025-06-23 17:45:17,4.0886540254,1,24,31
202603,440000,440000,440000,01,U00101,COMP44527,13000000101,13000000101,3,72,72,2025-07-24 17:45:17,2027-01-10 17:45:17,CH298,1,1,1,1,0,2024-11-12 17:45:17,1.1965540869,1,24,44
202603,320000,320000,320000,01,U00102,COMP71394,13000000102,13000000102,3,74,74,2025-03-27 17:45:17,2026-09-29 17:45:17,CH347,1,1,1,1,0,2024-12-25 17:45:17,4.2610003707,1,24,32
202603,510000,510000,510000,01,U00103,,13000000103,13000000103,,,,2026-03-24 17:45:17,2026-03-24 17:45:17,CH343,1,1,1,1,0,2024-10-09 17:45:17,4.2779710701,1,24,51
202603,330000,330000,330000,01,U00104,COMP40720,13000000104,13000000008,2,72,72,2025-09-19 17:45:17,2026-07-20 17:45:17,CH974,1,1,1,1,0,2025-04-10 17:45:17,1.3632441526,1,24,33
202603,120000,120000,120000,01,U00105,,13000000105,13000000105,,,,2026-03-24 17:45:17,2026-03-24 17:45:17,CH476,1,1,1,1,0,2024-04-17 17:45:17,1.8783979766,1,24,12
202603,110000,110000,110000,01,U00106,COMP69780,13000000106,13000000106,2,74,74,2025-05-03 17:45:17,2026-07-06 17:45:17,CH186,1,1,1,1,0,2024-05-15 17:45:17,2.090293188,1,24,11
202603,310000,310000,310000,01,U00107,COMP49758,13000000107,13000000001,2,72,72,2025-07-09 17:45:17,2027-06-10 17:45:17,CH383,1,1,1,1,0,2024-05-25 17:45:17,3.7221627074,1,24,31
202603,440000,440000,440000,01,U00108,COMP44935,13000000108,13000000007,1,74,74,2025-05-29 17:45:17,2026-11-07 17:45:17,CH681,1,1,1,1,0,2025-03-31 17:45:17,4.6257762729,1,24,44
202603,320000,320000,320000,01,U00109,COMP55917,13000000109,13000000002,1,73,73,2025-12-12 17:45:17,2027-06-17 17:45:17,CH931,1,1,1,1,0,2025-08-14 17:45:17,3.5431568095,1,24,32
202603,510000,510000,510000,01,U00110,,13000000110,13000000110,,,,2026-03-24 17:45:17,2026-03-24 17:45:17,CH175,1,1,1,1,0,2024-11-10 17:45:17,4.484556003,1,24,51
202603,330000,330000,330000,01,U00111,,13000000111,13000000111,,,,2026-03-24 17:45:17,2026-03-24 17:45:17,CH341,1,1,1,1,0,2024-10-03 17:45:17,4.3726128015,1,24,33
202603,120000,120000,120000,01,U00112,COMP56457,13000000112,13000000112,1,73,73,2025-10-17 17:45:17,2027-04-17 17:45:17,CH497,1,1,1,1,0,2024-06-17 17:45:17,1.0314186425,1,24,12
202603,110000,110000,110000,01,U00113,,13000000113,13000000113,,,,2026-03-24 17:45:17,2026-03-24 17:45:17,CH778,1,1,1,1,0,2025-11-17 17:45:17,2.5063521083,1,24,11
202603,310000,310000,310000,01,U00114,,13000000114,13000000114,,,,2026-03-24 17:45:17,2026-03-24 17:45:17,CH158,1,1,1,1,0,2025-01-18 17:45:17,3.2502188892,1,24,31
202603,440000,440000,440000,01,U00115,,13000000115,13000000115,,,,2026-03-24 17:45:17,2026-03-24 17:45:17,CH650,1,1,1,1,0,2025-05-29 17:45:17,2.1523752329,1,24,44
202603,320000,320000,320000,01,U00116,,13000000116,13000000116,,,,2026-03-24 17:45:17,2026-03-24 17:45:17,CH271,1,1,1,1,0,2025-08-20 17:45:17,3.3017484178,1,24,32
202603,510000,510000,510000,01,U00117,COMP24981,13000000117,13000000006,1,73,73,2025-10-31 17:45:17,2026-07-16 17:45:17,CH267,1,1,1,1,0,2025-07-10 17:45:17,4.8561386798,1,24,51
202603,330000,330000,330000,01,U00118,COMP75321,13000000118,13000000001,3,71,71,2025-06-27 17:45:17,2027-04-13 17:45:17,CH906,1,1,1,1,0,2024-08-30 17:45:17,2.2704915048,1,24,33
202603,120000,120000,120000,01,U00119,COMP95427,13000000119,13000000002,1,71,71,2025-08-03 17:45:17,2027-05-03 17:45:17,CH623,1,1,1,1,0,2026-02-01 17:45:17,1.529559073,1,24,12
202603,110000,110000,110000,01,U00120,COMP18180,13000000120,13000000120,3,71,71,2025-08-29 17:45:17,2026-04-03 17:45:17,CH807,1,1,1,1,0,2025-12-09 17:45:17,3.1162692281,1,24,11
202603,310000,310000,310000,01,U00121,,13000000121,13000000121,,,,2026-03-24 17:45:17,2026-03-24 17:45:17,CH322,1,1,1,1,0,2025-10-06 17:45:17,3.9568855794,1,24,31
202603,440000,440000,440000,01,U00122,,13000000122,13000000122,,,,2026-03-24 17:45:17,2026-03-24 17:45:17,CH115,1,1,1,1,0,2024-08-08 17:45:17,2.8294618628,1,24,44
202603,320000,320000,320000,01,U00123,,13000000123,13000000123,,,,2026-03-24 17:45:17,2026-03-24 17:45:17,CH922,1,1,1,1,0,2024-11-07 17:45:17,1.3654964879,1,24,32
202603,510000,510000,510000,01,U00124,COMP49918,13000000124,13000000124,2,74,74,2025-10-18 17:45:17,2027-03-07 17:45:17,CH716,1,1,1,1,0,2025-07-25 17:45:17,4.5406047919,1,24,51
202603,330000,330000,330000,01,U00125,COMP98564,13000000125,13000000008,1,77,77,2025-07-08 17:45:17,2026-01-08 17:45:17,CH142,1,1,1,1,0,2025-05-14 17:45:17,3.0214369774,1,24,33
202603,120000,120000,120000,01,U00126,COMP93367,13000000126,13000000008,3,74,74,2025-10-23 17:45:17,2027-02-06 17:45:17,CH705,1,1,1,1,0,2024-05-02 17:45:17,2.9696122762,1,24,12
202603,110000,110000,110000,01,U00127,COMP23778,13000000127,13000000004,3,71,71,2025-12-11 17:45:17,2027-07-13 17:45:17,CH319,1,1,1,1,0,2025-08-26 17:45:17,4.1649349547,1,24,11
202603,310000,310000,310000,01,U00128,,13000000128,13000000128,,,,2026-03-24 17:45:17,2026-03-24 17:45:17,CH413,1,1,1,1,0,2024-11-11 17:45:17,4.5115073419,1,24,31
202603,440000,440000,440000,01,U00129,,13000000129,13000000129,,,,2026-03-24 17:45:17,2026-03-24 17:45:17,CH816,1,1,1,1,0,2026-02-19 17:45:17,2.9169586967,1,24,44
202603,320000,320000,320000,01,U00130,,13000000130,13000000130,,,,2026-03-24 17:45:17,2026-03-24 17:45:17,CH161,1,1,1,1,0,2025-09-28 17:45:17,1.5115747449,1,24,32
202603,510000,510000,510000,01,U00131,,13000000131,13000000131,,,,2026-03-24 17:45:17,2026-03-24 17:45:17,CH272,1,1,1,1,0,2024-09-06 17:45:17,3.6333424403,1,24,51
202603,330000,330000,330000,01,U00132,,13000000132,13000000132,,,,2026-03-24 17:45:17,2026-03-24 17:45:17,CH818,1,1,1,1,0,2024-09-03 17:45:17,2.7619759268,1,24,33
202603,120000,120000,120000,01,U00133,,13000000133,13000000133,,,,2026-03-24 17:45:17,2026-03-24 17:45:17,CH940,1,1,1,1,0,2024-09-16 17:45:17,2.4632590254,1,24,12
202603,110000,110000,110000,01,U00134,,13000000134,13000000134,,,,2026-03-24 17:45:17,2026-03-24 17:45:17,CH642,1,1,1,1,0,2026-01-28 17:45:17,3.5918363966,1,24,11
202603,310000,310000,310000,01,U00135,,13000000135,13000000135,,,,2026-03-24 17:45:17,2026-03-24 17:45:17,CH146,1,1,1,1,0,2024-07-27 17:45:17,1.2722952723,1,24,31
202603,440000,440000,440000,01,U00136,,13000000136,13000000136,,,,2026-03-24 17:45:17,2026-03-24 17:45:17,CH310,1,1,1,1,0,2024-12-25 17:45:17,1.4152426952,1,24,44
202603,320000,320000,320000,01,U00137,COMP57650,13000000137,13000000009,1,71,71,2025-07-05 17:45:17,2026-06-24 17:45:17,CH452,1,1,1,1,0,2024-07-12 17:45:17,4.5105528509,1,24,32
202603,510000,510000,510000,01,U00138,COMP29267,13000000138,13000000138,2,74,74,2025-05-14 17:45:17,2025-11-13 17:45:17,CH873,1,1,1,1,0,2024-09-06 17:45:17,4.5023489893,1,24,51
202603,330000,330000,330000,01,U00139,COMP69485,13000000139,13000000006,2,77,77,2026-01-31 17:45:17,2026-12-23 17:45:17,CH320,1,1,1,1,0,2025-08-30 17:45:17,3.0531558892,1,24,33
202603,120000,120000,120000,01,U00140,,13000000140,13000000140,,,,2026-03-24 17:45:17,2026-03-24 17:45:17,CH863,1,1,1,1,0,2025-07-11 17:45:17,1.8443381582,1,24,12
202603,110000,110000,110000,01,U00141,,13000000141,13000000141,,,,2026-03-24 17:45:17,2026-03-24 17:45:17,CH228,1,1,1,1,0,2025-12-16 17:45:17,3.1648856422,1,24,11
202603,310000,310000,310000,01,U00142,COMP52127,13000000142,13000000003,1,71,71,2025-07-08 17:45:17,2026-07-22 17:45:17,CH201,1,1,1,1,0,2025-02-07 17:45:17,4.1943141994,1,24,31
202603,440000,440000,440000,01,U00143,COMP37454,13000000143,13000000143,2,77,77,2025-04-22 17:45:17,2026-03-30 17:45:17,CH546,1,1,1,1,0,2025-12-01 17:45:17,4.6664322755,1,24,44
202603,320000,320000,320000,01,U00144,,13000000144,13000000144,,,,2026-03-24 17:45:17,2026-03-24 17:45:17,CH105,1,1,1,1,0,2024-11-06 17:45:17,2.3825319418,1,24,32
202603,510000,510000,510000,01,U00145,,13000000145,13000000145,,,,2026-03-24 17:45:17,2026-03-24 17:45:17,CH775,1,1,1,1,0,2025-01-23 17:45:17,2.5014868087,1,24,51
202603,330000,330000,330000,01,U00146,COMP65653,13000000146,13000000009,2,72,72,2025-04-17 17:45:17,2026-11-14 17:45:17,CH682,1,1,1,1,0,2024-08-31 17:45:17,1.2251806939,1,24,33
202603,120000,120000,120000,01,U00147,COMP18106,13000000147,13000000147,2,77,77,2025-03-25 17:45:17,2026-03-24 17:45:17,CH673,1,1,1,1,0,2025-07-13 17:45:17,2.2446992873,1,24,12
202603,110000,110000,110000,01,U00148,COMP54838,13000000148,13000000002,2,77,77,2025-10-16 17:45:17,2026-12-05 17:45:17,CH823,1,1,1,1,0,2024-07-25 17:45:17,3.2305048627,1,24,11
202603,310000,310000,310000,01,U00149,COMP48708,13000000149,13000000149,2,73,73,2025-04-01 17:45:17,2026-03-14 17:45:17,CH851,1,1,1,1,0,2025-08-24 17:45:17,2.0797948067,1,24,31
202603,440000,440000,440000,01,U00150,,13000000150,13000000150,,,,2026-03-24 17:45:17,2026-03-24 17:45:17,CH686,1,1,1,1,0,2025-02-07 17:45:17,3.2087161392,1,24,44
202603,320000,320000,320000,01,U00151,,13000000151,13000000151,,,,2026-03-24 17:45:17,2026-03-24 17:45:17,CH500,1,1,1,1,0,2025-11-29 17:45:17,4.511734523,1,24,32
202603,510000,510000,510000,01,U00152,,13000000152,13000000152,,,,2026-03-24 17:45:17,2026-03-24 17:45:17,CH560,1,1,1,1,0,2024-08-11 17:45:17,1.872362888,1,24,51
202603,330000,330000,330000,01,U00153,COMP52162,13000000153,13000000153,2,72,72,2025-11-12 17:45:17,2027-06-14 17:45:17,CH698,1,1,1,1,0,2025-05-13 17:45:17,4.0425824306,1,24,33
202603,120000,120000,120000,01,U00154,COMP14915,13000000154,13000000009,2,77,77,2025-10-17 17:45:17,2027-08-20 17:45:17,CH331,1,1,1,1,0,2025-10-04 17:45:17,4.6530616138,1,24,12
202603,110000,110000,110000,01,U00155,COMP92898,13000000155,13000000155,3,77,77,2025-08-03 17:45:17,2027-05-23 17:45:17,CH508,1,1,1,1,0,2024-09-10 17:45:17,2.0904186777,1,24,11
202603,310000,310000,310000,01,U00156,COMP89051,13000000156,13000000156,3,73,73,2025-09-27 17:45:17,2026-11-11 17:45:17,CH109,1,1,1,1,0,2024-12-01 17:45:17,3.5267365282,1,24,31
202603,440000,440000,440000,01,U00157,,13000000157,13000000157,,,,2026-03-24 17:45:17,2026-03-24 17:45:17,CH903,1,1,1,1,0,2026-02-08 17:45:17,1.629071337,1,24,44
202603,320000,320000,320000,01,U00158,,13000000158,13000000158,,,,2026-03-24 17:45:17,2026-03-24 17:45:17,CH484,1,1,1,1,0,2025-04-30 17:45:17,3.5408371507,1,24,32
202603,510000,510000,510000,01,U00159,COMP87218,13000000159,13000000002,2,74,74,2025-12-17 17:45:17,2026-07-30 17:45:17,CH421,1,1,1,1,0,2024-08-18 17:45:17,1.1805163683,1,24,51
202603,330000,330000,330000,01,U00160,COMP86795,13000000160,13000000008,3,77,77,2025-06-21 17:45:17,2026-08-02 17:45:17,CH305,1,1,1,1,0,2025-01-08 17:45:17,2.162891586,1,24,33
202603,120000,120000,120000,01,U00161,COMP16714,13000000161,13000000001,3,72,72,2025-08-15 17:45:17,2027-03-08 17:45:17,CH432,1,1,1,1,0,2026-01-16 17:45:17,1.1807865213,1,24,12
202603,110000,110000,110000,01,U00162,,13000000162,13000000162,,,,2026-03-24 17:45:17,2026-03-24 17:45:17,CH309,1,1,1,1,0,2025-06-11 17:45:17,4.5836625834,1,24,11
202603,310000,310000,310000,01,U00163,COMP95708,13000000163,13000000163,1,74,74,2025-08-18 17:45:17,2027-02-24 17:45:17,CH336,1,1,1,1,0,2025-01-28 17:45:17,4.1365111258,1,24,31
202603,440000,440000,440000,01,U00164,,13000000164,13000000164,,,,2026-03-24 17:45:17,2026-03-24 17:45:17,CH449,1,1,1,1,0,2025-03-09 17:45:17,3.8120835279,1,24,44
202603,320000,320000,320000,01,U00165,,13000000165,13000000165,,,,2026-03-24 17:45:17,2026-03-24 17:45:17,CH533,1,1,1,1,0,2025-04-24 17:45:17,2.847280227,1,24,32
202603,510000,510000,510000,01,U00166,,13000000166,13000000166,,,,2026-03-24 17:45:17,2026-03-24 17:45:17,CH250,1,1,1,1,0,2026-01-18 17:45:17,3.8872346476,1,24,51
202603,330000,330000,330000,01,U00167,COMP77070,13000000167,13000000008,3,73,73,2025-05-06 17:45:17,2026-04-28 17:45:17,CH373,1,1,1,1,0,2025-04-26 17:45:17,2.6349602083,1,24,33
202603,120000,120000,120000,01,U00168,,13000000168,13000000168,,,,2026-03-24 17:45:17,2026-03-24 17:45:17,CH447,1,1,1,1,0,2024-07-28 17:45:17,2.7133037448,1,24,12
202603,110000,110000,110000,01,U00169,,13000000169,13000000169,,,,2026-03-24 17:45:17,2026-03-24 17:45:17,CH464,1,1,1,1,0,2025-04-26 17:45:17,2.7318073548,1,24,11
202603,310000,310000,310000,01,U00170,COMP72960,13000000170,13000000170,3,73,73,2025-04-26 17:45:17,2026-05-26 17:45:17,CH552,1,1,1,1,0,2025-04-20 17:45:17,3.2433161304,1,24,31
202603,440000,440000,440000,01,U00171,,13000000171,13000000171,,,,2026-03-24 17:45:17,2026-03-24 17:45:17,CH633,1,1,1,1,0,2025-04-17 17:45:17,1.3331059032,1,24,44
202603,320000,320000,320000,01,U00172,COMP24755,13000000172,13000000005,3,77,77,2025-04-07 17:45:17,2025-11-21 17:45:17,CH514,1,1,1,1,0,2025-09-06 17:45:17,2.824579099,1,24,32
202603,510000,510000,510000,01,U00173,COMP44441,13000000173,13000000173,1,72,72,2025-12-08 17:45:17,2026-06-18 17:45:17,CH453,1,1,1,1,0,2024-10-19 17:45:17,4.0505005798,1,24,51
202603,330000,330000,330000,01,U00174,COMP10723,13000000174,13000000174,2,72,72,2025-09-17 17:45:17,2026-06-25 17:45:17,CH911,1,1,1,1,0,2025-01-16 17:45:17,1.8796501741,1,24,33
202603,120000,120000,120000,01,U00175,,13000000175,13000000175,,,,2026-03-24 17:45:17,2026-03-24 17:45:17,CH758,1,1,1,1,0,2026-02-02 17:45:17,4.1284281664,1,24,12
202603,110000,110000,110000,01,U00176,COMP69880,13000000176,13000000008,3,77,77,2025-09-28 17:45:17,2027-01-27 17:45:17,CH312,1,1,1,1,0,2024-07-29 17:45:17,3.7852392174,1,24,11
202603,310000,310000,310000,01,U00177,,13000000177,13000000177,,,,2026-03-24 17:45:17,2026-03-24 17:45:17,CH659,1,1,1,1,0,2025-10-19 17:45:17,2.3899875184,1,24,31
202603,440000,440000,440000,01,U00178,COMP33156,13000000178,13000000010,2,72,72,2025-06-17 17:45:17,2026-01-15 17:45:17,CH218,1,1,1,1,0,2024-12-05 17:45:17,2.5100321455,1,24,44
202603,320000,320000,320000,01,U00179,,13000000179,13000000179,,,,2026-03-24 17:45:17,2026-03-24 17:45:17,CH754,1,1,1,1,0,2024-12-24 17:45:17,3.1295110468,1,24,32
202603,510000,510000,510000,01,U00180,,13000000180,13000000180,,,,2026-03-24 17:45:17,2026-03-24 17:45:17,CH705,1,1,1,1,0,2025-04-20 17:45:17,1.7863553241,1,24,51
202603,330000,330000,330000,01,U00181,,13000000181,13000000181,,,,2026-03-24 17:45:17,2026-03-24 17:45:17,CH905,1,1,1,1,0,2025-09-03 17:45:17,3.8782721732,1,24,33
202603,120000,120000,120000,01,U00182,COMP11464,13000000182,13000000182,1,72,72,2025-11-04 17:45:17,2026-12-18 17:45:17,CH571,1,1,1,1,0,2025-05-14 17:45:17,1.4091947497,1,24,12
202603,110000,110000,110000,01,U00183,,13000000183,13000000183,,,,2026-03-24 17:45:17,2026-03-24 17:45:17,CH632,1,1,1,1,0,2024-10-21 17:45:17,1.6619516178,1,24,11
202603,310000,310000,310000,01,U00184,,13000000184,13000000184,,,,2026-03-24 17:45:17,2026-03-24 17:45:17,CH970,1,1,1,1,0,2024-07-13 17:45:17,1.8697096589,1,24,31
202603,440000,440000,440000,01,U00185,COMP17255,13000000185,13000000006,3,74,74,2025-04-05 17:45:17,2026-03-05 17:45:17,CH933,1,1,1,1,0,2025-08-27 17:45:17,1.2490412404,1,24,44
202603,320000,320000,320000,01,U00186,,13000000186,13000000186,,,,2026-03-24 17:45:17,2026-03-24 17:45:17,CH421,1,1,1,1,0,2025-04-19 17:45:17,2.3847709236,1,24,32
202603,510000,510000,510000,01,U00187,COMP36326,13000000187,13000000005,1,72,72,2025-07-14 17:45:17,2027-04-09 17:45:17,CH205,1,1,1,1,0,2025-03-11 17:45:17,4.7696058083,1,24,51
202603,330000,330000,330000,01,U00188,,13000000188,13000000188,,,,2026-03-24 17:45:17,2026-03-24 17:45:17,CH382,1,1,1,1,0,2025-04-05 17:45:17,4.6262980949,1,24,33
202603,120000,120000,120000,01,U00189,COMP39489,13000000189,13000000189,1,73,73,2025-08-07 17:45:17,2026-07-09 17:45:17,CH154,1,1,1,1,0,2024-12-24 17:45:17,1.3000410033,1,24,12
202603,110000,110000,110000,01,U00190,COMP39260,13000000190,13000000001,1,73,73,2025-05-08 17:45:17,2026-05-12 17:45:17,CH399,1,1,1,1,0,2025-12-21 17:45:17,2.011480043,1,24,11
202603,310000,310000,310000,01,U00191,,13000000191,13000000191,,,,2026-03-24 17:45:17,2026-03-24 17:45:17,CH182,1,1,1,1,0,2026-01-16 17:45:17,2.4327360448,1,24,31
202603,440000,440000,440000,01,U00192,COMP38026,13000000192,13000000192,2,77,77,2025-12-08 17:45:17,2026-12-20 17:45:17,CH389,1,1,1,1,0,2025-08-19 17:45:17,2.9145016231,1,24,44
202603,320000,320000,320000,01,U00193,COMP99855,13000000193,13000000003,3,77,77,2025-07-23 17:45:17,2027-06-22 17:45:17,CH341,1,1,1,1,0,2024-05-10 17:45:17,3.7516720963,1,24,32
202603,510000,510000,510000,01,U00194,COMP66183,13000000194,13000000001,3,71,71,2026-01-08 17:45:17,2026-12-16 17:45:17,CH101,1,1,1,1,0,2025-05-08 17:45:17,3.0561035189,1,24,51
202603,330000,330000,330000,01,U00195,COMP34606,13000000195,13000000009,3,72,72,2025-04-12 17:45:17,2025-10-28 17:45:17,CH127,1,1,1,1,0,2024-10-06 17:45:17,4.3239577432,1,24,33
202603,120000,120000,120000,01,U00196,,13000000196,13000000196,,,,2026-03-24 17:45:17,2026-03-24 17:45:17,CH739,1,1,1,1,0,2025-07-17 17:45:17,3.6585340385,1,24,12
202603,110000,110000,110000,01,U00197,,13000000197,13000000197,,,,2026-03-24 17:45:17,2026-03-24 17:45:17,CH909,1,1,1,1,0,2025-08-30 17:45:17,2.7762460288,1,24,11
202603,310000,310000,310000,01,U00198,,13000000198,13000000198,,,,2026-03-24 17:45:17,2026-03-24 17:45:17,CH109,1,1,1,1,0,2024-04-28 17:45:17,2.3183933005,1,24,31
202603,440000,440000,440000,01,U00199,COMP54087,13000000199,13000000001,2,73,73,2025-07-18 17:45:17,2027-05-12 17:45:17,CH474,1,1,1,1,0,2025-09-01 17:45:17,3.4704010024,1,24,44
202603,320000,320000,320000,01,U00200,COMP15108,13000000200,13000000200,3,73,73,2025-04-25 17:45:17,2025-10-26 17:45:17,CH347,1,1,1,1,0,2025-05-29 17:45:17,2.6382811974,1,24,32
202603,510000,510000,510000,01,U00201,COMP96293,13000000201,13000000201,2,72,72,2025-05-15 17:45:17,2027-01-16 17:45:17,CH948,1,1,1,1,0,2024-10-05 17:45:17,1.1380032252,1,24,51
202603,330000,330000,330000,01,U00202,COMP48402,13000000202,13000000202,3,73,73,2025-05-06 17:45:17,2026-06-16 17:45:17,CH945,1,1,1,1,0,2025-06-30 17:45:17,3.9459811677,1,24,33
202603,120000,120000,120000,01,U00203,COMP82197,13000000203,13000000203,3,71,71,2025-03-25 17:45:17,2026-01-23 17:45:17,CH922,1,1,1,1,0,2025-10-09 17:45:17,4.1792211194,1,24,12
202603,110000,110000,110000,01,U00204,,13000000204,13000000204,,,,2026-03-24 17:45:17,2026-03-24 17:45:17,CH397,1,1,1,1,0,2024-05-14 17:45:17,2.3893051069,1,24,11
202603,310000,310000,310000,01,U00205,,13000000205,13000000205,,,,2026-03-24 17:45:17,2026-03-24 17:45:17,CH710,1,1,1,1,0,2025-04-16 17:45:17,4.6504520476,1,24,31
202603,440000,440000,440000,01,U00206,,13000000206,13000000206,,,,2026-03-24 17:45:17,2026-03-24 17:45:17,CH699,1,1,1,1,0,2024-05-21 17:45:17,3.831853353,1,24,44
202603,320000,320000,320000,01,U00207,COMP61548,13000000207,13000000002,1,77,77,2025-09-18 17:45:17,2027-06-20 17:45:17,CH436,1,1,1,1,0,2025-10-06 17:45:17,1.7211301197,1,24,32
202603,510000,510000,510000,01,U00208,COMP41059,13000000208,13000000001,1,73,73,2025-07-13 17:45:17,2026-04-18 17:45:17,CH929,1,1,1,1,0,2024-06-12 17:45:17,1.4804723226,1,24,51
202603,330000,330000,330000,01,U00209,,13000000209,13000000209,,,,2026-03-24 17:45:17,2026-03-24 17:45:17,CH392,1,1,1,1,0,2025-09-09 17:45:17,4.6373108666,1,24,33
202603,120000,120000,120000,01,U00210,,13000000210,13000000210,,,,2026-03-24 17:45:17,2026-03-24 17:45:17,CH388,1,1,1,1,0,2024-06-03 17:45:17,4.8064432505,1,24,12
202603,110000,110000,110000,01,U00211,COMP14636,13000000211,13000000211,2,71,71,2025-08-26 17:45:17,2026-12-07 17:45:17,CH688,1,1,1,1,0,2025-01-01 17:45:17,1.4864943315,1,24,11
202603,310000,310000,310000,01,U00212,,13000000212,13000000212,,,,2026-03-24 17:45:17,2026-03-24 17:45:17,CH892,1,1,1,1,0,2024-11-23 17:45:17,2.9736668931,1,24,31
202603,440000,440000,440000,01,U00213,,13000000213,13000000213,,,,2026-03-24 17:45:17,2026-03-24 17:45:17,CH885,1,1,1,1,0,2025-09-23 17:45:17,1.1330745763,1,24,44
202603,320000,320000,320000,01,U00214,COMP78103,13000000214,13000000214,1,72,72,2025-09-09 17:45:17,2027-07-20 17:45:17,CH529,1,1,1,1,0,2025-03-21 17:45:17,4.2297436598,1,24,32
202603,510000,510000,510000,01,U00215,,13000000215,13000000215,,,,2026-03-24 17:45:17,2026-03-24 17:45:17,CH669,1,1,1,1,0,2024-11-15 17:45:17,4.3247791377,1,24,51
202603,330000,330000,330000,01,U00216,COMP76208,13000000216,13000000216,2,74,74,2026-01-22 17:45:17,2027-04-11 17:45:17,CH678,1,1,1,1,0,2026-02-21 17:45:17,1.5845561874,1,24,33
202603,120000,120000,120000,01,U00217,COMP61576,13000000217,13000000217,1,77,77,2025-09-09 17:45:17,2027-06-25 17:45:17,CH114,1,1,1,1,0,2024-03-27 17:45:17,2.633620943,1,24,12
202603,110000,110000,110000,01,U00218,COMP56256,13000000218,13000000009,1,77,77,2025-09-07 17:45:17,2027-02-04 17:45:17,CH641,1,1,1,1,0,2025-11-17 17:45:17,3.0695843568,1,24,11
202603,310000,310000,310000,01,U00219,COMP30892,13000000219,13000000003,1,73,73,2025-10-02 17:45:17,2027-01-19 17:45:17,CH812,1,1,1,1,0,2025-10-14 17:45:17,2.2636610753,1,24,31
202603,440000,440000,440000,01,U00220,,13000000220,13000000220,,,,2026-03-24 17:45:17,2026-03-24 17:45:17,CH426,1,1,1,1,0,2025-05-21 17:45:17,1.7368285792,1,24,44
202603,320000,320000,320000,01,U00221,COMP80953,13000000221,13000000221,3,77,77,2025-11-21 17:45:17,2027-03-17 17:45:17,CH190,1,1,1,1,0,2025-08-17 17:45:17,2.6733937308,1,24,32
202603,510000,510000,510000,01,U00222,COMP30138,13000000222,13000000222,3,71,71,2025-11-06 17:45:17,2027-01-28 17:45:17,CH954,1,1,1,1,0,2026-01-05 17:45:17,2.0010513276,1,24,51
202603,330000,330000,330000,01,U00223,COMP84211,13000000223,13000000223,2,74,74,2025-12-08 17:45:17,2026-09-14 17:45:17,CH640,1,1,1,1,0,2025-05-31 17:45:17,3.9043788757,1,24,33
202603,120000,120000,120000,01,U00224,,13000000224,13000000224,,,,2026-03-24 17:45:17,2026-03-24 17:45:17,CH799,1,1,1,1,0,2024-09-28 17:45:17,1.0993852296,1,24,12
202603,110000,110000,110000,01,U00225,,13000000225,13000000225,,,,2026-03-24 17:45:17,2026-03-24 17:45:17,CH357,1,1,1,1,0,2024-04-28 17:45:17,2.5141113158,1,24,11
202603,310000,310000,310000,01,U00226,,13000000226,13000000226,,,,2026-03-24 17:45:17,2026-03-24 17:45:17,CH221,1,1,1,1,0,2025-11-07 17:45:17,4.23588133,1,24,31
202603,440000,440000,440000,01,U00227,COMP71989,13000000227,13000000227,2,72,72,2025-04-14 17:45:17,2027-01-01 17:45:17,CH643,1,1,1,1,0,2024-12-25 17:45:17,2.8597063674,1,24,44
202603,320000,320000,320000,01,U00228,COMP47851,13000000228,13000000004,3,74,74,2025-08-27 17:45:17,2026-12-16 17:45:17,CH704,1,1,1,1,0,2025-03-21 17:45:17,3.6396325717,1,24,32
202603,510000,510000,510000,01,U00229,,13000000229,13000000229,,,,2026-03-24 17:45:17,2026-03-24 17:45:17,CH215,1,1,1,1,0,2025-10-03 17:45:17,2.8037448689,1,24,51
202603,330000,330000,330000,01,U00230,COMP86181,13000000230,13000000230,1,77,77,2025-08-01 17:45:17,2026-09-06 17:45:17,CH376,1,1,1,1,0,2024-04-10 17:45:17,4.2230194589,1,24,33
202603,120000,120000,120000,01,U00231,,13000000231,13000000231,,,,2026-03-24 17:45:17,2026-03-24 17:45:17,CH358,1,1,1,1,0,2025-04-16 17:45:17,4.6044731281,1,24,12
202603,110000,110000,110000,01,U00232,,13000000232,13000000232,,,,2026-03-24 17:45:17,2026-03-24 17:45:17,CH981,1,1,1,1,0,2024-06-20 17:45:17,2.1772698817,1,24,11
202603,310000,310000,310000,01,U00233,,13000000233,13000000233,,,,2026-03-24 17:45:17,2026-03-24 17:45:17,CH241,1,1,1,1,0,2025-06-07 17:45:17,1.2585989211,1,24,31
202603,440000,440000,440000,01,U00234,COMP29089,13000000234,13000000003,3,77,77,2025-09-03 17:45:17,2026-03-04 17:45:17,CH386,1,1,1,1,0,2025-09-16 17:45:17,3.052201569,1,24,44
202603,320000,320000,320000,01,U00235,COMP51818,13000000235,13000000235,3,73,73,2025-08-26 17:45:17,2027-08-07 17:45:17,CH425,1,1,1,1,0,2025-08-07 17:45:17,2.7429511522,1,24,32
202603,510000,510000,510000,01,U00236,COMP42879,13000000236,13000000236,1,72,72,2025-04-20 17:45:17,2027-03-18 17:45:17,CH381,1,1,1,1,0,2025-06-27 17:45:17,2.6467505061,1,24,51
202603,330000,330000,330000,01,U00237,COMP75487,13000000237,13000000237,1,77,77,2025-12-24 17:45:17,2027-08-15 17:45:17,CH164,1,1,1,1,0,2024-07-18 17:45:17,4.8191778303,1,24,33
202603,120000,120000,120000,01,U00238,,13000000238,13000000238,,,,2026-03-24 17:45:17,2026-03-24 17:45:17,CH593,1,1,1,1,0,2025-06-02 17:45:17,1.0954398598,1,24,12
202603,110000,110000,110000,01,U00239,COMP42961,13000000239,13000000239,3,71,71,2025-06-06 17:45:17,2027-03-22 17:45:17,CH590,1,1,1,1,0,2024-06-19 17:45:17,4.633541579,1,24,11
202603,310000,310000,310000,01,U00240,,13000000240,13000000240,,,,2026-03-24 17:45:17,2026-03-24 17:45:17,CH536,1,1,1,1,0,2025-08-15 17:45:17,4.2908400645,1,24,31
202603,440000,440000,440000,01,U00241,COMP93241,13000000241,13000000009,1,72,72,2025-06-26 17:45:17,2026-10-24 17:45:17,CH480,1,1,1,1,0,2024-09-27 17:45:17,1.0706865548,1,24,44
202603,320000,320000,320000,01,U00242,COMP49394,13000000242,13000000242,2,71,71,2025-08-21 17:45:17,2026-10-12 17:45:17,CH172,1,1,1,1,0,2024-11-21 17:45:17,4.9748624257,1,24,32
202603,510000,510000,510000,01,U00243,,13000000243,13000000243,,,,2026-03-24 17:45:17,2026-03-24 17:45:17,CH492,1,1,1,1,0,2025-04-01 17:45:17,3.7575034508,1,24,51
202603,330000,330000,330000,01,U00244,,13000000244,13000000244,,,,2026-03-24 17:45:17,2026-03-24 17:45:17,CH595,1,1,1,1,0,2024-09-26 17:45:17,4.8205407111,1,24,33
202603,120000,120000,120000,01,U00245,COMP78101,13000000245,13000000245,3,74,74,2025-03-26 17:45:17,2025-11-26 17:45:17,CH370,1,1,1,1,0,2025-05-25 17:45:17,2.7512427193,1,24,12
202603,110000,110000,110000,01,U00246,COMP58877,13000000246,13000000005,1,71,71,2025-11-12 17:45:17,2026-06-24 17:45:17,CH144,1,1,1,1,0,2025-04-27 17:45:17,4.5841086108,1,24,11
202603,310000,310000,310000,01,U00247,,13000000247,13000000247,,,,2026-03-24 17:45:17,2026-03-24 17:45:17,CH172,1,1,1,1,0,2025-06-09 17:45:17,3.0632054375,1,24,31
202603,440000,440000,440000,01,U00248,,13000000248,13000000248,,,,2026-03-24 17:45:17,2026-03-24 17:45:17,CH865,1,1,1,1,0,2024-10-30 17:45:17,4.40822881,1,24,44
202603,320000,320000,320000,01,U00249,COMP54491,13000000249,13000000007,3,77,77,2025-05-11 17:45:17,2025-11-30 17:45:17,CH256,1,1,1,1,0,2024-05-12 17:45:17,4.8680984535,1,24,32
202603,510000,510000,510000,01,U00250,,13000000250,13000000250,,,,2026-03-24 17:45:17,2026-03-24 17:45:17,CH339,1,1,1,1,0,2025-06-13 17:45:17,3.609813593,1,24,51
202603,330000,330000,330000,01,U00251,,13000000251,13000000251,,,,2026-03-24 17:45:17,2026-03-24 17:45:17,CH416,1,1,1,1,0,2024-10-25 17:45:17,4.0948053664,1,24,33
202603,120000,120000,120000,01,U00252,,13000000252,13000000252,,,,2026-03-24 17:45:17,2026-03-24 17:45:17,CH643,1,1,1,1,0,2024-07-08 17:45:17,2.6491575357,1,24,12
202603,110000,110000,110000,01,U00253,COMP95405,13000000253,13000000253,1,77,77,2026-02-02 17:45:17,2027-06-13 17:45:17,CH128,1,1,1,1,0,2024-04-07 17:45:17,3.6786243278,1,24,11
202603,310000,310000,310000,01,U00254,COMP11661,13000000254,13000000009,2,77,77,2025-10-25 17:45:17,2027-05-13 17:45:17,CH628,1,1,1,1,0,2026-01-21 17:45:17,1.6281867505,1,24,31
202603,440000,440000,440000,01,U00255,COMP26034,13000000255,13000000007,1,73,73,2025-07-18 17:45:17,2027-03-22 17:45:17,CH463,1,1,1,1,0,2026-01-22 17:45:17,3.618719594,1,24,44
202603,320000,320000,320000,01,U00256,COMP61260,13000000256,13000000256,3,71,71,2025-09-06 17:45:17,2027-06-05 17:45:17,CH470,1,1,1,1,0,2025-07-13 17:45:17,2.3970715447,1,24,32
202603,510000,510000,510000,01,U00257,COMP75646,13000000257,13000000005,3,74,74,2025-05-02 17:45:17,2026-10-03 17:45:17,CH473,1,1,1,1,0,2024-10-11 17:45:17,1.8129399584,1,24,51
202603,330000,330000,330000,01,U00258,COMP87657,13000000258,13000000258,1,72,72,2025-05-17 17:45:17,2027-04-14 17:45:17,CH281,1,1,1,1,0,2024-08-19 17:45:17,2.9223059539,1,24,33
202603,120000,120000,120000,01,U00259,,13000000259,13000000259,,,,2026-03-24 17:45:17,2026-03-24 17:45:17,CH802,1,1,1,1,0,2025-09-16 17:45:17,2.8301987437,1,24,12
202603,110000,110000,110000,01,U00260,COMP27306,13000000260,13000000260,1,74,74,2025-11-16 17:45:17,2027-08-11 17:45:17,CH919,1,1,1,1,0,2024-09-21 17:45:17,3.9108821514,1,24,11
202603,310000,310000,310000,01,U00261,,13000000261,13000000261,,,,2026-03-24 17:45:17,2026-03-24 17:45:17,CH523,1,1,1,1,0,2025-12-30 17:45:17,2.2643796905,1,24,31
202603,440000,440000,440000,01,U00262,,13000000262,13000000262,,,,2026-03-24 17:45:17,2026-03-24 17:45:17,CH371,1,1,1,1,0,2025-03-15 17:45:17,3.1194161778,1,24,44
202603,320000,320000,320000,01,U00263,COMP12732,13000000263,13000000001,2,73,73,2025-09-26 17:45:17,2026-05-06 17:45:17,CH127,1,1,1,1,0,2025-01-13 17:45:17,3.2463529048,1,24,32
202603,510000,510000,510000,01,U00264,,13000000264,13000000264,,,,2026-03-24 17:45:17,2026-03-24 17:45:17,CH114,1,1,1,1,0,2024-12-28 17:45:17,2.1850633064,1,24,51
202603,330000,330000,330000,01,U00265,COMP97672,13000000265,13000000265,2,72,72,2025-12-03 17:45:17,2027-02-04 17:45:17,CH421,1,1,1,1,0,2025-03-31 17:45:17,1.2606455632,1,24,33
202603,120000,120000,120000,01,U00266,,13000000266,13000000266,,,,2026-03-24 17:45:17,2026-03-24 17:45:17,CH392,1,1,1,1,0,2025-09-16 17:45:17,2.4302347698,1,24,12
202603,110000,110000,110000,01,U00267,,13000000267,13000000267,,,,2026-03-24 17:45:17,2026-03-24 17:45:17,CH117,1,1,1,1,0,2025-10-19 17:45:17,2.5831661524,1,24,11
202603,310000,310000,310000,01,U00268,COMP77205,13000000268,13000000006,3,73,73,2025-12-22 17:45:17,2027-07-24 17:45:17,CH272,1,1,1,1,0,2024-10-08 17:45:17,2.775255905,1,24,31
202603,440000,440000,440000,01,U00269,COMP13886,13000000269,13000000269,3,72,72,2026-01-21 17:45:17,2027-01-27 17:45:17,CH570,1,1,1,1,0,2026-02-04 17:45:17,3.9911182045,1,24,44
202603,320000,320000,320000,01,U00270,,13000000270,13000000270,,,,2026-03-24 17:45:17,2026-03-24 17:45:17,CH716,1,1,1,1,0,2025-01-28 17:45:17,3.968122339,1,24,32
202603,510000,510000,510000,01,U00271,COMP90679,13000000271,13000000271,2,72,72,2025-09-01 17:45:17,2026-06-02 17:45:17,CH322,1,1,1,1,0,2025-08-18 17:45:17,4.1489550006,1,24,51
202603,330000,330000,330000,01,U00272,,13000000272,13000000272,,,,2026-03-24 17:45:17,2026-03-24 17:45:17,CH505,1,1,1,1,0,2024-10-02 17:45:17,4.6745412447,1,24,33
202603,120000,120000,120000,01,U00273,,13000000273,13000000273,,,,2026-03-24 17:45:17,2026-03-24 17:45:17,CH855,1,1,1,1,0,2025-07-15 17:45:17,1.2738514447,1,24,12
202603,110000,110000,110000,01,U00274,,13000000274,13000000274,,,,2026-03-24 17:45:17,2026-03-24 17:45:17,CH314,1,1,1,1,0,2024-05-15 17:45:17,3.2538393399,1,24,11
202603,310000,310000,310000,01,U00275,COMP64756,13000000275,13000000275,3,72,72,2025-11-29 17:45:17,2027-05-21 17:45:17,CH233,1,1,1,1,0,2024-06-26 17:45:17,1.9000789399,1,24,31
202603,440000,440000,440000,01,U00276,,13000000276,13000000276,,,,2026-03-24 17:45:17,2026-03-24 17:45:17,CH926,1,1,1,1,0,2024-04-24 17:45:17,3.688707203,1,24,44
202603,320000,320000,320000,01,U00277,,13000000277,13000000277,,,,2026-03-24 17:45:17,2026-03-24 17:45:17,CH377,1,1,1,1,0,2024-08-01 17:45:17,4.0925326397,1,24,32
202603,510000,510000,510000,01,U00278,COMP55033,13000000278,13000000278,2,71,71,2025-09-01 17:45:17,2026-07-03 17:45:17,CH538,1,1,1,1,0,2024-07-21 17:45:17,1.0626241596,1,24,51
202603,330000,330000,330000,01,U00279,COMP83869,13000000279,13000000279,3,77,77,2025-11-02 17:45:17,2026-12-11 17:45:17,CH629,1,1,1,1,0,2024-07-11 17:45:17,3.7549164875,1,24,33
202603,120000,120000,120000,01,U00280,COMP83433,13000000280,13000000280,2,77,77,2026-02-21 17:45:17,2026-10-07 17:45:17,CH457,1,1,1,1,0,2025-01-31 17:45:17,2.2404805986,1,24,12
202603,110000,110000,110000,01,U00281,,13000000281,13000000281,,,,2026-03-24 17:45:17,2026-03-24 17:45:17,CH161,1,1,1,1,0,2024-07-13 17:45:17,1.0130357944,1,24,11
202603,310000,310000,310000,01,U00282,,13000000282,13000000282,,,,2026-03-24 17:45:17,2026-03-24 17:45:17,CH294,1,1,1,1,0,2026-02-21 17:45:17,3.3457393711,1,24,31
202603,440000,440000,440000,01,U00283,,13000000283,13000000283,,,,2026-03-24 17:45:17,2026-03-24 17:45:17,CH153,1,1,1,1,0,2025-11-26 17:45:17,2.4524184047,1,24,44
202603,320000,320000,320000,01,U00284,COMP32427,13000000284,13000000284,1,71,71,2025-05-04 17:45:17,2027-02-05 17:45:17,CH413,1,1,1,1,0,2025-10-10 17:45:17,2.7097221039,1,24,32
202603,510000,510000,510000,01,U00285,COMP14138,13000000285,13000000006,3,71,71,2025-07-28 17:45:17,2027-02-28 17:45:17,CH565,1,1,1,1,0,2024-05-17 17:45:17,3.0218633224,1,24,51
202603,330000,330000,330000,01,U00286,COMP56528,13000000286,13000000006,3,71,71,2025-12-26 17:45:17,2027-10-20 17:45:17,CH502,1,1,1,1,0,2024-06-13 17:45:17,2.9068828824,1,24,33
202603,120000,120000,120000,01,U00287,COMP42412,13000000287,13000000287,2,71,71,2025-05-29 17:45:17,2026-07-22 17:45:17,CH597,1,1,1,1,0,2024-04-30 17:45:17,2.8001708129,1,24,12
202603,110000,110000,110000,01,U00288,,13000000288,13000000288,,,,2026-03-24 17:45:17,2026-03-24 17:45:17,CH288,1,1,1,1,0,2025-01-29 17:45:17,4.643340375,1,24,11
202603,310000,310000,310000,01,U00289,COMP24535,13000000289,13000000006,3,71,71,2025-05-18 17:45:17,2027-01-11 17:45:17,CH231,1,1,1,1,0,2024-12-05 17:45:17,1.56960235,1,24,31
202603,440000,440000,440000,01,U00290,,13000000290,13000000290,,,,2026-03-24 17:45:17,2026-03-24 17:45:17,CH870,1,1,1,1,0,2025-08-16 17:45:17,3.3052151708,1,24,44
202603,320000,320000,320000,01,U00291,COMP87492,13000000291,13000000007,2,74,74,2025-10-30 17:45:17,2027-03-14 17:45:17,CH489,1,1,1,1,0,2025-05-04 17:45:17,1.0300702425,1,24,32
202603,510000,510000,510000,01,U00292,,13000000292,13000000292,,,,2026-03-24 17:45:17,2026-03-24 17:45:17,CH295,1,1,1,1,0,2025-11-23 17:45:17,2.867566772,1,24,51
202603,330000,330000,330000,01,U00293,,13000000293,13000000293,,,,2026-03-24 17:45:17,2026-03-24 17:45:17,CH150,1,1,1,1,0,2025-02-25 17:45:17,4.8083859825,1,24,33
202603,120000,120000,120000,01,U00294,,13000000294,13000000294,,,,2026-03-24 17:45:17,2026-03-24 17:45:17,CH276,1,1,1,1,0,2025-11-26 17:45:17,1.0399301873,1,24,12
202603,110000,110000,110000,01,U00295,COMP73653,13000000295,13000000295,3,71,71,2025-08-06 17:45:17,2026-12-29 17:45:17,CH253,1,1,1,1,0,2024-05-27 17:45:17,2.0269117511,1,24,11
202603,310000,310000,310000,01,U00296,,13000000296,13000000296,,,,2026-03-24 17:45:17,2026-03-24 17:45:17,CH760,1,1,1,1,0,2024-10-28 17:45:17,4.9175044068,1,24,31
202603,440000,440000,440000,01,U00297,,13000000297,13000000297,,,,2026-03-24 17:45:17,2026-03-24 17:45:17,CH646,1,1,1,1,0,2024-11-16 17:45:17,3.3989026231,1,24,44
202603,320000,320000,320000,01,U00298,COMP69864,13000000298,13000000007,2,72,72,2025-07-17 17:45:17,2026-06-27 17:45:17,CH194,1,1,1,1,0,2025-08-22 17:45:17,3.5393472641,1,24,32
202603,510000,510000,510000,01,U00299,COMP37951,13000000299,13000000009,1,74,74,2026-01-05 17:45:17,2027-05-28 17:45:17,CH607,1,1,1,1,0,2024-10-12 17:45:17,3.3642902267,1,24,51
202603,330000,330000,330000,01,U00300,COMP97354,13000000300,13000000300,3,73,73,2025-10-02 17:45:17,2027-06-20 17:45:17,CH509,1,1,1,1,0,2024-09-09 17:45:17,2.750662158,1,24,33
