user_id,device_number,start_date,call_duration,oppose_dealer_type,net_type,call_type
U00001,13000000001,2026-03-22 17:45:17,539.3,03,4G,被叫
U00001,13000000001,2026-03-22 17:45:17,98.2,03,4G,主叫
U00001,13000000001,2026-03-22 17:45:17,289.9,03,5G,主叫
U00001,13000000001,2026-03-24 17:45:17,282.2,01,4G,被叫
U00001,13000000001,2026-03-19 17:45:17,271.6,01,4G,主叫
U00002,13000000002,2026-03-17 17:45:17,154.5,03,5G,主叫
U00002,13000000002,2026-03-24 17:45:17,204.5,01,5G,被叫
U00002,13000000002,2026-03-18 17:45:17,246.5,03,4G,主叫
U00002,13000000002,2026-03-21 17:45:17,241.1,01,4G,被叫
U00002,13000000002,2026-03-20 17:45:17,201.4,01,5G,主叫
U00003,13000000003,2026-03-23 17:45:17,333.5,01,5G,被叫
U00003,13000000003,2026-03-18 17:45:17,148.8,03,5G,主叫
U00003,13000000003,2026-03-22 17:45:17,569.4,01,4G,主叫
U00003,13000000003,2026-03-17 17:45:17,58.3,01,4G,被叫
U00003,13000000003,2026-03-19 17:45:17,395.3,01,4G,被叫
U00004,13000000004,2026-03-20 17:45:17,278.0,03,5G,被叫
U00004,13000000004,2026-03-23 17:45:17,193.3,03,4G,被叫
U00004,13000000004,2026-03-21 17:45:17,543.3,03,5G,主叫
U00004,13000000004,2026-03-22 17:45:17,168.3,01,5G,主叫
U00004,13000000004,2026-03-17 17:45:17,293.2,01,5G,主叫
U00005,13000000005,2026-03-17 17:45:17,330.2,01,5G,被叫
U00005,13000000005,2026-03-18 17:45:17,549.7,03,4G,主叫
U00005,13000000005,2026-03-22 17:45:17,536.8,01,5G,主叫
U00005,13000000005,2026-03-21 17:45:17,297.6,01,5G,主叫
U00005,13000000005,2026-03-23 17:45:17,293.4,03,4G,被叫
U00006,13000000006,2026-03-21 17:45:17,218.4,01,4G,主叫
U00006,13000000006,2026-03-17 17:45:17,31.8,03,5G,主叫
U00006,13000000006,2026-03-22 17:45:17,482.2,03,5G,被叫
U00006,13000000006,2026-03-17 17:45:17,153.2,01,5G,被叫
U00006,13000000006,2026-03-17 17:45:17,225.3,03,4G,主叫
U00007,13000000007,2026-03-21 17:45:17,297.0,01,4G,被叫
U00007,13000000007,2026-03-20 17:45:17,375.0,03,5G,被叫
U00007,13000000007,2026-03-22 17:45:17,299.1,01,5G,被叫
U00007,13000000007,2026-03-18 17:45:17,86.1,01,4G,被叫
U00007,13000000007,2026-03-22 17:45:17,131.3,03,5G,被叫
U00008,13000000008,2026-03-21 17:45:17,227.0,03,5G,被叫
U00008,13000000008,2026-03-18 17:45:17,335.8,01,5G,被叫
U00008,13000000008,2026-03-21 17:45:17,85.7,03,5G,被叫
U00008,13000000008,2026-03-24 17:45:17,196.6,01,5G,主叫
U00008,13000000008,2026-03-24 17:45:17,296.5,03,5G,主叫
U00009,13000000009,2026-03-18 17:45:17,271.9,03,4G,被叫
U00009,13000000009,2026-03-21 17:45:17,183.9,01,4G,主叫
U00009,13000000009,2026-03-18 17:45:17,362.3,03,4G,主叫
U00009,13000000009,2026-03-23 17:45:17,38.7,03,5G,主叫
U00009,13000000009,2026-03-24 17:45:17,142.0,01,5G,主叫
U00010,13000000010,2026-03-22 17:45:17,215.5,01,5G,被叫
U00010,13000000010,2026-03-22 17:45:17,451.0,03,5G,主叫
U00010,13000000010,2026-03-21 17:45:17,183.1,03,4G,被叫
U00010,13000000010,2026-03-18 17:45:17,586.4,01,5G,被叫
U00010,13000000010,2026-03-23 17:45:17,469.6,03,5G,主叫
U00011,13000000011,2026-03-06 17:45:17,514.9,01,5G,主叫
U00011,13000000011,2026-03-22 17:45:17,501.5,03,4G,主叫
U00011,13000000011,2026-03-08 17:45:17,346.9,01,5G,被叫
U00011,13000000011,2026-02-23 17:45:17,109.5,01,4G,被叫
U00011,13000000011,2026-03-15 17:45:17,175.6,03,5G,主叫
U00012,13000000012,2026-03-12 17:45:17,328.4,01,5G,被叫
U00012,13000000012,2026-03-07 17:45:17,215.7,03,5G,主叫
U00012,13000000012,2026-03-17 17:45:17,108.0,01,4G,被叫
U00012,13000000012,2026-03-03 17:45:17,528.2,01,5G,被叫
U00012,13000000012,2026-03-16 17:45:17,207.8,03,4G,主叫
U00013,13000000013,2026-03-11 17:45:17,235.0,03,5G,主叫
U00013,13000000013,2026-03-23 17:45:17,142.7,01,4G,主叫
U00013,13000000013,2026-03-08 17:45:17,231.4,01,4G,主叫
U00013,13000000013,2026-03-09 17:45:17,214.9,01,5G,被叫
U00013,13000000013,2026-03-20 17:45:17,530.1,03,5G,被叫
U00014,13000000014,2026-03-09 17:45:17,227.3,03,4G,被叫
U00014,13000000014,2026-03-05 17:45:17,190.1,03,4G,被叫
U00014,13000000014,2026-03-04 17:45:17,438.5,03,4G,主叫
U00014,13000000014,2026-03-04 17:45:17,383.6,01,4G,被叫
U00014,13000000014,2026-03-03 17:45:17,147.8,01,4G,被叫
U00015,13000000015,2026-03-10 17:45:17,525.6,01,5G,主叫
U00015,13000000015,2026-03-22 17:45:17,345.7,01,5G,被叫
U00015,13000000015,2026-02-27 17:45:17,206.7,03,4G,主叫
U00015,13000000015,2026-03-23 17:45:17,405.2,03,4G,被叫
U00015,13000000015,2026-03-06 17:45:17,190.1,01,4G,被叫
U00016,13000000016,2026-03-17 17:45:17,187.4,03,5G,被叫
U00016,13000000016,2026-03-05 17:45:17,122.2,01,5G,被叫
U00016,13000000016,2026-02-23 17:45:17,511.1,03,5G,被叫
U00016,13000000016,2026-03-05 17:45:17,475.9,01,5G,被叫
U00016,13000000016,2026-03-22 17:45:17,583.4,01,4G,被叫
U00017,13000000017,2026-03-12 17:45:17,94.4,03,4G,主叫
U00017,13000000017,2026-02-26 17:45:17,451.0,01,5G,主叫
U00017,13000000017,2026-03-01 17:45:17,164.3,03,5G,被叫
U00017,13000000017,2026-03-14 17:45:17,155.1,01,4G,主叫
U00017,13000000017,2026-02-27 17:45:17,402.0,01,4G,主叫
U00018,13000000018,2026-02-28 17:45:17,386.7,01,4G,主叫
U00018,13000000018,2026-03-13 17:45:17,257.3,01,5G,被叫
U00018,13000000018,2026-02-27 17:45:17,506.5,01,4G,被叫
U00018,13000000018,2026-03-18 17:45:17,442.8,01,4G,被叫
U00018,13000000018,2026-03-11 17:45:17,227.1,01,5G,主叫
U00019,13000000019,2026-03-15 17:45:17,129.3,03,4G,被叫
U00019,13000000019,2026-03-15 17:45:17,576.4,01,5G,被叫
U00019,13000000019,2026-03-18 17:45:17,498.9,01,4G,被叫
U00019,13000000019,2026-03-07 17:45:17,103.4,01,4G,主叫
U00019,13000000019,2026-03-07 17:45:17,358.9,01,4G,被叫
U00020,13000000020,2026-02-23 17:45:17,555.8,03,5G,主叫
U00020,13000000020,2026-03-02 17:45:17,323.7,03,4G,被叫
U00020,13000000020,2026-02-23 17:45:17,473.1,03,5G,主叫
U00020,13000000020,2026-03-18 17:45:17,339.3,01,4G,主叫
U00020,13000000020,2026-03-18 17:45:17,239.5,03,4G,被叫
U00021,13000000021,2026-03-20 17:45:17,248.8,01,5G,主叫
U00021,13000000021,2026-02-25 17:45:17,53.7,03,5G,被叫
U00021,13000000021,2026-03-20 17:45:17,317.2,01,5G,被叫
U00021,13000000021,2026-03-23 17:45:17,241.4,01,4G,主叫
U00021,13000000021,2026-03-19 17:45:17,146.9,03,4G,被叫
U00022,13000000022,2026-03-16 17:45:17,567.3,03,4G,被叫
U00022,13000000022,2026-03-03 17:45:17,289.3,03,4G,被叫
U00022,13000000022,2026-03-07 17:45:17,73.1,01,4G,被叫
U00022,13000000022,2026-03-10 17:45:17,519.0,03,5G,被叫
U00022,13000000022,2026-03-18 17:45:17,427.5,01,4G,主叫
U00023,13000000023,2026-03-18 17:45:17,557.2,01,4G,被叫
U00023,13000000023,2026-02-27 17:45:17,209.3,01,5G,主叫
U00023,13000000023,2026-03-17 17:45:17,130.2,03,5G,被叫
U00023,13000000023,2026-03-17 17:45:17,478.3,03,5G,被叫
U00023,13000000023,2026-02-27 17:45:17,538.9,03,5G,主叫
U00024,13000000024,2026-03-01 17:45:17,247.3,01,5G,主叫
U00024,13000000024,2026-02-22 17:45:17,254.7,01,4G,主叫
U00024,13000000024,2026-03-16 17:45:17,568.4,01,5G,主叫
U00024,13000000024,2026-03-09 17:45:17,122.1,03,4G,主叫
U00024,13000000024,2026-03-04 17:45:17,120.7,03,5G,主叫
U00025,13000000025,2026-03-03 17:45:17,132.5,03,4G,被叫
U00025,13000000025,2026-03-18 17:45:17,481.2,01,4G,被叫
U00025,13000000025,2026-03-10 17:45:17,153.9,01,4G,被叫
U00025,13000000025,2026-03-08 17:45:17,117.6,03,4G,主叫
U00025,13000000025,2026-03-09 17:45:17,113.1,01,4G,主叫
U00026,13000000026,2026-02-25 17:45:17,206.8,02,5G,被叫
U00026,13000000026,2026-03-16 17:45:17,206.8,02,4G,被叫
U00026,13000000026,2026-03-13 17:45:17,329.5,02,5G,主叫
U00027,13000000027,2026-03-19 17:45:17,164.8,02,5G,被叫
U00027,13000000027,2026-02-25 17:45:17,369.3,02,4G,主叫
U00027,13000000027,2026-03-12 17:45:17,296.9,02,4G,主叫
U00028,13000000028,2026-03-02 17:45:17,198.3,02,5G,被叫
U00028,13000000028,2026-03-15 17:45:17,367.9,02,5G,主叫
U00028,13000000028,2026-03-03 17:45:17,490.8,02,5G,主叫
U00029,13000000029,2026-03-14 17:45:17,139.6,02,5G,被叫
U00029,13000000029,2026-03-19 17:45:17,331.5,02,5G,被叫
U00029,13000000029,2026-03-23 17:45:17,373.1,02,4G,主叫
U00030,13000000030,2026-03-02 17:45:17,471.5,02,4G,主叫
U00030,13000000030,2026-03-01 17:45:17,515.3,02,5G,主叫
U00030,13000000030,2026-03-22 17:45:17,159.8,02,5G,主叫
U00031,13000000031,2026-03-01 17:45:17,446.7,02,5G,被叫
U00031,13000000031,2026-03-19 17:45:17,597.8,02,5G,被叫
U00031,13000000031,2026-03-21 17:45:17,331.4,02,5G,主叫
U00032,13000000032,2026-03-15 17:45:17,173.9,02,5G,被叫
U00032,13000000032,2026-03-05 17:45:17,465.3,02,4G,主叫
U00032,13000000032,2026-03-24 17:45:17,97.5,02,4G,被叫
U00033,13000000033,2026-03-05 17:45:17,93.9,02,4G,被叫
U00033,13000000033,2026-03-07 17:45:17,591.1,02,5G,主叫
U00033,13000000033,2026-02-22 17:45:17,198.4,02,4G,被叫
U00034,13000000034,2026-03-12 17:45:17,33.8,02,4G,被叫
U00034,13000000034,2026-03-11 17:45:17,539.1,02,4G,被叫
U00034,13000000034,2026-03-18 17:45:17,249.3,02,5G,被叫
U00035,13000000035,2026-03-19 17:45:17,214.1,02,5G,主叫
U00035,13000000035,2026-03-16 17:45:17,90.9,02,5G,主叫
U00035,13000000035,2026-03-11 17:45:17,48.4,02,4G,被叫
U00036,13000000036,2026-02-26 17:45:17,555.1,02,5G,被叫
U00036,13000000036,2026-03-14 17:45:17,102.4,02,5G,被叫
U00036,13000000036,2026-03-23 17:45:17,150.3,02,5G,主叫
U00037,13000000037,2026-03-09 17:45:17,470.5,02,5G,主叫
U00037,13000000037,2026-03-11 17:45:17,90.2,02,4G,被叫
U00037,13000000037,2026-03-20 17:45:17,320.4,02,4G,主叫
U00038,13000000038,2026-03-06 17:45:17,372.8,02,5G,被叫
U00038,13000000038,2026-03-16 17:45:17,140.6,02,4G,主叫
U00038,13000000038,2026-03-05 17:45:17,552.5,02,4G,主叫
U00039,13000000039,2026-03-09 17:45:17,200.1,02,4G,主叫
U00039,13000000039,2026-03-18 17:45:17,231.1,02,4G,主叫
U00039,13000000039,2026-03-18 17:45:17,580.0,02,4G,主叫
U00040,13000000040,2026-03-22 17:45:17,565.1,02,4G,被叫
U00040,13000000040,2026-03-16 17:45:17,368.8,02,4G,被叫
U00040,13000000040,2026-03-02 17:45:17,165.8,02,4G,主叫
U00041,13000000041,2026-03-24 17:45:17,76.7,02,4G,被叫
U00041,13000000041,2026-03-07 17:45:17,157.9,02,5G,被叫
U00041,13000000041,2026-03-11 17:45:17,464.2,02,4G,被叫
U00042,13000000042,2026-03-03 17:45:17,406.2,02,5G,主叫
U00042,13000000042,2026-02-28 17:45:17,203.1,02,4G,被叫
U00042,13000000042,2026-03-19 17:45:17,386.9,02,4G,被叫
U00043,13000000043,2026-03-20 17:45:17,263.3,02,5G,主叫
U00043,13000000043,2026-03-15 17:45:17,123.0,02,5G,被叫
U00043,13000000043,2026-03-19 17:45:17,408.7,02,4G,被叫
U00044,13000000044,2026-02-25 17:45:17,509.2,02,4G,被叫
U00044,13000000044,2026-03-18 17:45:17,110.3,02,4G,被叫
U00044,13000000044,2026-03-21 17:45:17,584.4,02,5G,被叫
U00045,13000000045,2026-03-19 17:45:17,579.0,02,4G,主叫
U00045,13000000045,2026-02-24 17:45:17,314.9,02,4G,被叫
U00045,13000000045,2026-03-01 17:45:17,454.2,02,4G,被叫
U00046,13000000046,2026-02-06 17:45:17,300.5,02,5G,主叫
U00046,13000000046,2026-02-03 17:45:17,117.7,03,5G,主叫
U00046,13000000046,2026-01-23 17:45:17,196.3,02,4G,被叫
U00047,13000000047,2026-03-10 17:45:17,449.1,03,5G,被叫
U00047,13000000047,2026-02-16 17:45:17,43.8,02,4G,主叫
U00047,13000000047,2026-03-09 17:45:17,222.5,02,5G,被叫
U00047,13000000047,2026-01-23 17:45:17,389.3,03,5G,主叫
U00047,13000000047,2026-02-06 17:45:17,529.7,03,4G,被叫
U00047,13000000047,2026-02-23 17:45:17,53.4,01,4G,主叫
U00047,13000000047,2026-01-27 17:45:17,514.2,02,5G,主叫
U00047,13000000047,2026-03-16 17:45:17,594.3,03,4G,主叫
U00048,13000000048,2026-03-02 17:45:17,56.3,02,5G,主叫
U00048,13000000048,2026-03-21 17:45:17,581.8,03,4G,主叫
U00048,13000000048,2026-02-15 17:45:17,389.9,02,4G,被叫
U00048,13000000048,2026-03-10 17:45:17,349.8,01,4G,被叫
U00048,13000000048,2026-02-15 17:45:17,256.1,03,4G,主叫
U00048,13000000048,2026-02-20 17:45:17,247.4,01,4G,主叫
U00048,13000000048,2026-03-21 17:45:17,413.8,01,4G,主叫
U00049,13000000049,2026-03-15 17:45:17,456.9,03,5G,主叫
U00049,13000000049,2026-03-24 17:45:17,167.5,03,5G,被叫
U00049,13000000049,2026-02-10 17:45:17,571.4,01,5G,被叫
U00049,13000000049,2026-02-24 17:45:17,40.6,03,4G,主叫
U00049,13000000049,2026-03-01 17:45:17,357.9,01,4G,被叫
U00049,13000000049,2026-03-13 17:45:17,54.7,02,4G,被叫
U00050,13000000050,2026-03-16 17:45:17,179.4,03,4G,主叫
U00050,13000000050,2026-03-03 17:45:17,86.7,01,5G,被叫
U00050,13000000050,2026-02-01 17:45:17,113.8,03,5G,被叫
U00051,13000000051,2026-02-28 17:45:17,242.9,01,5G,被叫
U00051,13000000051,2026-03-23 17:45:17,32.3,02,4G,主叫
U00051,13000000051,2026-01-31 17:45:17,423.3,03,4G,被叫
U00051,13000000051,2026-03-06 17:45:17,261.5,02,5G,被叫
U00052,13000000052,2026-03-14 17:45:17,488.4,03,5G,被叫
U00052,13000000052,2026-02-07 17:45:17,81.1,02,4G,被叫
U00052,13000000052,2026-03-03 17:45:17,463.9,01,4G,主叫
U00052,13000000052,2026-03-16 17:45:17,103.4,02,5G,被叫
U00052,13000000052,2026-03-09 17:45:17,233.5,02,5G,被叫
U00052,13000000052,2026-02-17 17:45:17,35.2,01,5G,被叫
U00052,13000000052,2026-03-18 17:45:17,451.3,02,5G,被叫
U00053,13000000053,2026-02-13 17:45:17,423.2,02,4G,被叫
U00053,13000000053,2026-03-18 17:45:17,457.1,03,4G,主叫
U00054,13000000054,2026-02-26 17:45:17,526.6,03,5G,主叫
U00054,13000000054,2026-03-21 17:45:17,324.8,02,4G,被叫
U00054,13000000054,2026-03-05 17:45:17,55.2,01,4G,被叫
U00055,13000000055,2026-02-22 17:45:17,106.0,02,5G,主叫
U00055,13000000055,2026-02-20 17:45:17,159.9,02,4G,被叫
U00055,13000000055,2026-03-13 17:45:17,310.2,02,4G,被叫
U00055,13000000055,2026-03-18 17:45:17,410.8,01,5G,被叫
U00056,13000000056,2026-02-01 17:45:17,480.6,02,4G,被叫
U00056,13000000056,2026-02-20 17:45:17,158.6,03,5G,被叫
U00056,13000000056,2026-02-22 17:45:17,554.9,02,5G,被叫
U00056,13000000056,2026-03-15 17:45:17,459.7,02,4G,主叫
U00056,13000000056,2026-03-05 17:45:17,146.4,02,5G,被叫
U00056,13000000056,2026-02-11 17:45:17,434.3,03,4G,被叫
U00056,13000000056,2026-02-12 17:45:17,306.7,01,4G,主叫
U00057,13000000057,2026-02-02 17:45:17,200.2,01,4G,主叫
U00057,13000000057,2026-02-25 17:45:17,383.6,02,4G,主叫
U00057,13000000057,2026-03-09 17:45:17,555.8,02,5G,主叫
U00057,13000000057,2026-01-23 17:45:17,343.7,01,4G,主叫
U00058,13000000058,2026-03-23 17:45:17,385.8,03,4G,主叫
U00058,13000000058,2026-02-10 17:45:17,468.8,01,4G,主叫
U00058,13000000058,2026-02-09 17:45:17,333.1,03,5G,被叫
U00058,13000000058,2026-01-27 17:45:17,43.0,02,4G,主叫
U00058,13000000058,2026-03-21 17:45:17,432.8,03,4G,主叫
U00058,13000000058,2026-02-07 17:45:17,459.3,01,5G,被叫
U00059,13000000059,2026-03-11 17:45:17,237.8,02,5G,被叫
U00059,13000000059,2026-02-16 17:45:17,184.1,02,5G,被叫
U00059,13000000059,2026-01-27 17:45:17,60.8,03,4G,被叫
U00059,13000000059,2026-03-06 17:45:17,330.8,02,4G,被叫
U00059,13000000059,2026-02-07 17:45:17,169.0,01,4G,被叫
U00059,13000000059,2026-02-09 17:45:17,77.1,02,4G,主叫
U00060,13000000060,2026-02-10 17:45:17,109.7,01,5G,主叫
U00060,13000000060,2026-02-25 17:45:17,307.5,02,5G,被叫
U00060,13000000060,2026-02-18 17:45:17,473.9,01,5G,主叫
U00061,13000000061,2026-03-08 17:45:17,282.5,03,5G,被叫
U00061,13000000061,2026-03-05 17:45:17,175.7,02,4G,主叫
U00061,13000000061,2026-02-05 17:45:17,529.9,03,4G,被叫
U00061,13000000061,2026-02-22 17:45:17,591.4,02,5G,主叫
U00061,13000000061,2026-02-26 17:45:17,358.9,01,5G,主叫
U00062,13000000062,2026-02-17 17:45:17,48.1,03,4G,被叫
U00062,13000000062,2026-01-30 17:45:17,480.9,02,4G,被叫
U00062,13000000062,2026-03-09 17:45:17,149.2,02,4G,被叫
U00063,13000000063,2026-02-21 17:45:17,569.2,02,4G,主叫
U00063,13000000063,2026-02-08 17:45:17,101.6,02,4G,被叫
U00063,13000000063,2026-01-27 17:45:17,340.1,02,5G,主叫
U00063,13000000063,2026-03-17 17:45:17,68.3,01,5G,主叫
U00063,13000000063,2026-02-28 17:45:17,258.1,01,4G,被叫
U00064,13000000064,2026-02-22 17:45:17,415.0,03,5G,主叫
U00064,13000000064,2026-03-23 17:45:17,452.0,02,4G,主叫
U00064,13000000064,2026-02-01 17:45:17,507.6,02,5G,被叫
U00064,13000000064,2026-03-04 17:45:17,597.6,01,4G,主叫
U00064,13000000064,2026-03-22 17:45:17,599.0,03,5G,主叫
U00064,13000000064,2026-01-24 17:45:17,513.1,01,5G,主叫
U00064,13000000064,2026-02-14 17:45:17,109.9,01,5G,被叫
U00065,13000000065,2026-02-01 17:45:17,333.1,02,4G,被叫
U00065,13000000065,2026-02-05 17:45:17,109.7,02,5G,被叫
U00065,13000000065,2026-03-10 17:45:17,337.4,01,5G,主叫
U00065,13000000065,2026-03-03 17:45:17,403.0,02,5G,主叫
U00066,13000000066,2026-03-03 17:45:17,476.5,02,5G,主叫
U00066,13000000066,2026-03-03 17:45:17,53.2,02,5G,被叫
U00066,13000000066,2026-02-26 17:45:17,502.1,01,4G,主叫
U00066,13000000066,2026-03-13 17:45:17,43.9,02,4G,被叫
U00066,13000000066,2026-03-04 17:45:17,106.6,03,4G,被叫
U00066,13000000066,2026-02-19 17:45:17,290.5,01,5G,被叫
U00066,13000000066,2026-02-28 17:45:17,110.4,02,4G,主叫
U00066,13000000066,2026-03-10 17:45:17,326.2,02,5G,被叫
U00067,13000000067,2026-03-02 17:45:17,218.8,01,4G,主叫
U00067,13000000067,2026-03-06 17:45:17,328.9,02,5G,主叫
U00067,13000000067,2026-02-06 17:45:17,522.7,03,5G,被叫
U00067,13000000067,2026-03-02 17:45:17,286.0,02,5G,主叫
U00067,13000000067,2026-02-18 17:45:17,517.2,02,5G,主叫
U00067,13000000067,2026-02-20 17:45:17,354.5,02,4G,主叫
U00067,13000000067,2026-02-18 17:45:17,78.6,01,4G,被叫
U00067,13000000067,2026-02-17 17:45:17,52.3,02,5G,主叫
U00068,13000000068,2026-02-03 17:45:17,108.4,02,4G,主叫
U00068,13000000068,2026-02-21 17:45:17,315.0,02,4G,被叫
U00068,13000000068,2026-02-03 17:45:17,546.5,03,5G,被叫
U00068,13000000068,2026-03-17 17:45:17,454.6,02,4G,主叫
U00068,13000000068,2026-02-08 17:45:17,449.1,02,5G,被叫
U00068,13000000068,2026-02-21 17:45:17,112.4,03,4G,被叫
U00069,13000000069,2026-03-04 17:45:17,470.7,02,5G,主叫
U00069,13000000069,2026-03-18 17:45:17,239.5,02,5G,主叫
U00069,13000000069,2026-02-07 17:45:17,460.3,02,4G,被叫
U00069,13000000069,2026-03-08 17:45:17,292.0,02,5G,被叫
U00069,13000000069,2026-02-16 17:45:17,324.0,02,5G,主叫
U00069,13000000069,2026-02-02 17:45:17,282.3,03,4G,主叫
U00069,13000000069,2026-03-23 17:45:17,451.5,02,5G,主叫
U00069,13000000069,2026-02-16 17:45:17,188.4,01,4G,被叫
U00070,13000000070,2026-01-27 17:45:17,77.6,03,4G,主叫
U00070,13000000070,2026-02-17 17:45:17,386.3,01,5G,主叫
U00071,13000000071,2026-02-26 17:45:17,483.3,02,4G,主叫
U00071,13000000071,2026-02-23 17:45:17,435.4,01,4G,被叫
U00071,13000000071,2026-01-26 17:45:17,121.4,01,4G,主叫
U00072,13000000072,2026-03-22 17:45:17,187.2,03,5G,主叫
U00072,13000000072,2026-03-14 17:45:17,374.4,03,4G,主叫
U00072,13000000072,2026-02-06 17:45:17,295.7,02,4G,被叫
U00073,13000000073,2026-02-02 17:45:17,164.3,01,4G,主叫
U00073,13000000073,2026-02-27 17:45:17,91.2,02,4G,主叫
U00074,13000000074,2026-03-22 17:45:17,403.2,03,4G,被叫
U00074,13000000074,2026-01-26 17:45:17,388.8,01,5G,被叫
U00075,13000000075,2026-02-02 17:45:17,432.7,01,5G,被叫
U00075,13000000075,2026-03-22 17:45:17,211.0,03,4G,被叫
U00075,13000000075,2026-01-24 17:45:17,213.0,03,4G,被叫
U00075,13000000075,2026-02-04 17:45:17,273.2,01,4G,被叫
U00076,13000000076,2026-02-13 17:45:17,79.9,02,4G,主叫
U00076,13000000076,2026-02-09 17:45:17,521.8,03,4G,被叫
U00077,13000000077,2026-02-21 17:45:17,453.0,03,5G,被叫
U00077,13000000077,2026-01-26 17:45:17,315.2,01,4G,被叫
U00077,13000000077,2026-03-14 17:45:17,260.4,02,5G,被叫
U00078,13000000078,2026-03-06 17:45:17,534.9,02,4G,被叫
U00078,13000000078,2026-03-06 17:45:17,411.1,02,5G,被叫
U00078,13000000078,2026-03-14 17:45:17,189.2,03,4G,被叫
U00078,13000000078,2026-02-04 17:45:17,408.0,02,4G,主叫
U00078,13000000078,2026-03-13 17:45:17,432.5,02,5G,被叫
U00078,13000000078,2026-02-13 17:45:17,150.7,01,4G,主叫
U00078,13000000078,2026-02-14 17:45:17,229.0,01,4G,被叫
U00079,13000000079,2026-02-15 17:45:17,250.9,03,5G,主叫
U00079,13000000079,2026-01-26 17:45:17,261.1,02,4G,主叫
U00080,13000000080,2026-03-06 17:45:17,559.1,02,4G,被叫
U00080,13000000080,2026-03-16 17:45:17,232.1,02,4G,被叫
U00081,13000000081,2026-02-15 17:45:17,134.2,01,4G,被叫
U00081,13000000081,2026-02-24 17:45:17,470.3,02,5G,被叫
U00082,13000000082,2026-03-04 17:45:17,244.4,01,5G,被叫
U00082,13000000082,2026-02-20 17:45:17,545.4,01,4G,主叫
U00082,13000000082,2026-03-12 17:45:17,565.3,02,4G,主叫
U00082,13000000082,2026-02-08 17:45:17,486.7,03,4G,被叫
U00082,13000000082,2026-01-24 17:45:17,75.9,02,4G,被叫
U00082,13000000082,2026-02-24 17:45:17,249.4,01,4G,主叫
U00083,13000000083,2026-03-10 17:45:17,391.1,01,4G,主叫
U00083,13000000083,2026-02-22 17:45:17,130.6,02,4G,被叫
U00083,13000000083,2026-02-21 17:45:17,182.5,02,4G,被叫
U00083,13000000083,2026-03-21 17:45:17,477.6,02,5G,主叫
U00083,13000000083,2026-02-07 17:45:17,53.3,02,5G,主叫
U00083,13000000083,2026-03-10 17:45:17,195.0,01,5G,主叫
U00083,13000000083,2026-03-06 17:45:17,356.4,01,4G,主叫
U00083,13000000083,2026-02-26 17:45:17,87.8,02,5G,主叫
U00084,13000000084,2026-02-15 17:45:17,341.9,02,4G,主叫
U00084,13000000084,2026-02-05 17:45:17,249.4,02,5G,主叫
U00084,13000000084,2026-03-10 17:45:17,61.5,02,5G,被叫
U00084,13000000084,2026-01-25 17:45:17,475.1,02,4G,被叫
U00085,13000000085,2026-03-09 17:45:17,133.1,02,4G,被叫
U00085,13000000085,2026-03-02 17:45:17,61.2,01,4G,主叫
U00085,13000000085,2026-02-04 17:45:17,438.3,02,4G,被叫
U00085,13000000085,2026-01-23 17:45:17,284.5,03,4G,主叫
U00085,13000000085,2026-03-24 17:45:17,363.2,02,5G,主叫
U00086,13000000086,2026-03-12 17:45:17,291.4,02,4G,主叫
U00086,13000000086,2026-03-23 17:45:17,568.4,02,4G,被叫
U00087,13000000087,2026-02-14 17:45:17,160.9,02,4G,主叫
U00087,13000000087,2026-03-13 17:45:17,418.5,03,4G,主叫
U00087,13000000087,2026-02-05 17:45:17,229.2,02,5G,主叫
U00087,13000000087,2026-03-02 17:45:17,74.7,02,4G,主叫
U00087,13000000087,2026-03-09 17:45:17,95.6,02,5G,被叫
U00088,13000000088,2026-01-27 17:45:17,432.7,02,4G,被叫
U00088,13000000088,2026-01-31 17:45:17,197.3,01,5G,主叫
U00088,13000000088,2026-03-19 17:45:17,544.1,01,4G,被叫
U00088,13000000088,2026-01-26 17:45:17,291.0,02,5G,被叫
U00088,13000000088,2026-02-04 17:45:17,213.9,02,5G,主叫
U00088,13000000088,2026-03-14 17:45:17,51.5,02,4G,主叫
U00088,13000000088,2026-02-25 17:45:17,571.3,02,5G,被叫
U00088,13000000088,2026-03-15 17:45:17,286.0,03,5G,被叫
U00089,13000000089,2026-01-24 17:45:17,485.9,03,5G,被叫
U00089,13000000089,2026-02-21 17:45:17,365.5,01,5G,主叫
U00089,13000000089,2026-02-23 17:45:17,105.1,01,5G,主叫
U00089,13000000089,2026-03-09 17:45:17,417.2,03,5G,被叫
U00089,13000000089,2026-02-23 17:45:17,511.3,02,5G,被叫
U00089,13000000089,2026-02-01 17:45:17,387.1,02,5G,被叫
U00089,13000000089,2026-01-23 17:45:17,559.2,01,5G,主叫
U00090,13000000090,2026-01-30 17:45:17,281.0,03,5G,主叫
U00090,13000000090,2026-03-14 17:45:17,264.3,01,4G,主叫
U00090,13000000090,2026-03-14 17:45:17,393.4,01,4G,主叫
U00090,13000000090,2026-03-14 17:45:17,579.4,02,4G,被叫
U00090,13000000090,2026-02-03 17:45:17,102.6,01,4G,主叫
U00090,13000000090,2026-02-10 17:45:17,331.6,02,4G,主叫
U00090,13000000090,2026-03-07 17:45:17,582.1,03,4G,被叫
U00091,13000000091,2026-03-09 17:45:17,514.1,02,5G,被叫
U00091,13000000091,2026-02-22 17:45:17,353.5,01,5G,被叫
U00091,13000000091,2026-02-06 17:45:17,518.6,02,4G,被叫
U00092,13000000092,2026-02-06 17:45:17,384.3,02,5G,被叫
U00092,13000000092,2026-02-12 17:45:17,312.7,03,4G,主叫
U00092,13000000092,2026-02-23 17:45:17,204.7,03,4G,被叫
U00093,13000000093,2026-02-14 17:45:17,374.6,02,5G,主叫
U00093,13000000093,2026-03-09 17:45:17,81.6,02,4G,被叫
U00093,13000000093,2026-02-09 17:45:17,484.9,02,5G,被叫
U00093,13000000093,2026-03-09 17:45:17,450.8,01,5G,被叫
U00093,13000000093,2026-03-22 17:45:17,491.6,02,4G,主叫
U00093,13000000093,2026-03-06 17:45:17,318.1,03,4G,被叫
U00094,13000000094,2026-02-03 17:45:17,372.6,02,5G,被叫
U00094,13000000094,2026-02-01 17:45:17,418.7,02,5G,被叫
U00095,13000000095,2026-01-28 17:45:17,134.3,01,5G,被叫
U00095,13000000095,2026-02-25 17:45:17,539.1,01,5G,被叫
U00095,13000000095,2026-03-24 17:45:17,130.0,02,4G,主叫
U00095,13000000095,2026-02-09 17:45:17,187.7,01,5G,主叫
U00095,13000000095,2026-03-20 17:45:17,581.7,01,5G,主叫
U00095,13000000095,2026-03-10 17:45:17,256.2,03,5G,被叫
U00096,13000000096,2026-02-21 17:45:17,546.1,03,4G,主叫
U00096,13000000096,2026-02-20 17:45:17,231.0,02,5G,被叫
U00096,13000000096,2026-02-04 17:45:17,184.3,03,4G,主叫
U00096,13000000096,2026-01-25 17:45:17,245.0,01,4G,主叫
U00096,13000000096,2026-02-27 17:45:17,152.0,03,5G,被叫
U00096,13000000096,2026-02-21 17:45:17,534.9,01,5G,主叫
U00096,13000000096,2026-02-01 17:45:17,367.6,02,4G,主叫
U00096,13000000096,2026-03-14 17:45:17,45.3,02,4G,被叫
U00097,13000000097,2026-02-21 17:45:17,351.0,03,4G,主叫
U00097,13000000097,2026-03-06 17:45:17,308.6,01,4G,主叫
U00097,13000000097,2026-03-06 17:45:17,34.3,02,4G,被叫
U00097,13000000097,2026-03-21 17:45:17,152.1,02,5G,主叫
U00097,13000000097,2026-02-21 17:45:17,407.3,03,4G,主叫
U00097,13000000097,2026-02-08 17:45:17,377.0,01,5G,被叫
U00097,13000000097,2026-03-12 17:45:17,290.7,02,5G,被叫
U00098,13000000098,2026-01-23 17:45:17,517.3,01,5G,主叫
U00098,13000000098,2026-02-07 17:45:17,33.9,01,5G,被叫
U00098,13000000098,2026-02-23 17:45:17,480.6,03,5G,被叫
U00099,13000000099,2026-03-08 17:45:17,365.3,01,5G,主叫
U00099,13000000099,2026-02-25 17:45:17,428.1,02,4G,被叫
U00099,13000000099,2026-03-04 17:45:17,424.7,03,5G,被叫
U00099,13000000099,2026-03-05 17:45:17,337.5,01,4G,被叫
U00099,13000000099,2026-03-17 17:45:17,478.8,02,5G,主叫
U00099,13000000099,2026-03-11 17:45:17,420.6,02,5G,主叫
U00100,13000000100,2026-02-21 17:45:17,423.1,01,4G,主叫
U00100,13000000100,2026-02-27 17:45:17,342.0,02,4G,被叫
U00100,13000000100,2026-03-16 17:45:17,220.1,02,4G,被叫
U00100,13000000100,2026-01-25 17:45:17,495.0,03,4G,被叫
U00101,13000000101,2026-02-23 17:45:17,461.2,03,4G,被叫
U00101,13000000101,2026-02-23 17:45:17,102.7,02,4G,主叫
U00101,13000000101,2026-01-27 17:45:17,156.8,03,4G,被叫
U00101,13000000101,2026-02-15 17:45:17,401.5,02,5G,主叫
U00102,13000000102,2026-02-21 17:45:17,160.8,02,5G,主叫
U00102,13000000102,2026-02-12 17:45:17,483.4,02,5G,主叫
U00102,13000000102,2026-03-05 17:45:17,546.2,02,4G,主叫
U00103,13000000103,2026-02-23 17:45:17,397.6,03,4G,主叫
U00103,13000000103,2026-02-21 17:45:17,47.5,01,4G,主叫
U00103,13000000103,2026-03-09 17:45:17,348.0,03,4G,被叫
U00103,13000000103,2026-03-08 17:45:17,318.3,03,4G,被叫
U00104,13000000104,2026-03-01 17:45:17,509.8,02,4G,被叫
U00104,13000000104,2026-03-15 17:45:17,583.7,02,5G,主叫
U00104,13000000104,2026-02-09 17:45:17,435.2,01,4G,被叫
U00104,13000000104,2026-01-27 17:45:17,498.9,02,4G,被叫
U00105,13000000105,2026-01-23 17:45:17,527.3,02,5G,主叫
U00105,13000000105,2026-01-28 17:45:17,463.4,01,5G,被叫
U00105,13000000105,2026-02-13 17:45:17,309.7,03,5G,主叫
U00105,13000000105,2026-03-24 17:45:17,536.3,02,4G,主叫
U00105,13000000105,2026-02-27 17:45:17,595.5,02,4G,被叫
U00105,13000000105,2026-02-15 17:45:17,30.2,03,5G,主叫
U00106,13000000106,2026-03-15 17:45:17,227.8,02,5G,主叫
U00106,13000000106,2026-03-13 17:45:17,598.5,02,5G,主叫
U00106,13000000106,2026-03-07 17:45:17,136.1,03,5G,主叫
U00106,13000000106,2026-02-15 17:45:17,132.1,01,5G,主叫
U00107,13000000107,2026-03-06 17:45:17,411.0,01,4G,主叫
U00107,13000000107,2026-02-20 17:45:17,37.9,02,4G,被叫
U00108,13000000108,2026-02-25 17:45:17,425.8,02,4G,被叫
U00108,13000000108,2026-03-24 17:45:17,546.4,02,4G,主叫
U00108,13000000108,2026-02-01 17:45:17,545.6,02,5G,被叫
U00108,13000000108,2026-03-14 17:45:17,34.4,01,4G,主叫
U00108,13000000108,2026-02-02 17:45:17,539.3,03,5G,主叫
U00108,13000000108,2026-03-16 17:45:17,562.8,02,5G,主叫
U00109,13000000109,2026-01-28 17:45:17,333.3,02,5G,被叫
U00109,13000000109,2026-02-19 17:45:17,341.5,01,5G,主叫
U00110,13000000110,2026-03-17 17:45:17,91.5,02,4G,被叫
U00110,13000000110,2026-03-19 17:45:17,429.3,02,4G,被叫
U00110,13000000110,2026-02-03 17:45:17,297.8,03,4G,主叫
U00110,13000000110,2026-02-15 17:45:17,334.7,03,4G,被叫
U00110,13000000110,2026-02-06 17:45:17,471.6,02,4G,主叫
U00110,13000000110,2026-02-18 17:45:17,144.1,02,4G,主叫
U00110,13000000110,2026-03-13 17:45:17,461.4,01,4G,主叫
U00110,13000000110,2026-03-10 17:45:17,376.5,02,4G,被叫
U00111,13000000111,2026-03-04 17:45:17,82.7,02,4G,被叫
U00111,13000000111,2026-02-11 17:45:17,98.4,02,5G,主叫
U00111,13000000111,2026-03-24 17:45:17,393.6,03,5G,主叫
U00111,13000000111,2026-02-04 17:45:17,122.5,02,4G,被叫
U00111,13000000111,2026-01-26 17:45:17,561.0,02,4G,主叫
U00112,13000000112,2026-02-27 17:45:17,335.6,02,5G,主叫
U00112,13000000112,2026-01-26 17:45:17,107.9,03,4G,主叫
U00112,13000000112,2026-03-02 17:45:17,479.0,02,4G,被叫
U00112,13000000112,2026-01-30 17:45:17,185.6,02,5G,被叫
U00113,13000000113,2026-03-11 17:45:17,319.2,03,5G,主叫
U00113,13000000113,2026-02-17 17:45:17,599.3,01,4G,主叫
U00114,13000000114,2026-03-08 17:45:17,300.7,01,5G,主叫
U00114,13000000114,2026-02-19 17:45:17,409.8,02,5G,被叫
U00114,13000000114,2026-03-18 17:45:17,340.6,01,5G,主叫
U00114,13000000114,2026-03-03 17:45:17,575.5,02,5G,主叫
U00114,13000000114,2026-03-05 17:45:17,135.8,02,4G,主叫
U00114,13000000114,2026-03-02 17:45:17,313.7,02,4G,被叫
U00114,13000000114,2026-03-23 17:45:17,479.4,03,4G,被叫
U00114,13000000114,2026-03-06 17:45:17,262.8,01,4G,主叫
U00115,13000000115,2026-03-03 17:45:17,279.5,02,5G,被叫
U00115,13000000115,2026-03-02 17:45:17,248.2,02,4G,被叫
U00116,13000000116,2026-02-12 17:45:17,336.1,02,5G,主叫
U00116,13000000116,2026-02-16 17:45:17,504.7,03,5G,主叫
U00116,13000000116,2026-03-19 17:45:17,456.1,02,5G,主叫
U00116,13000000116,2026-02-12 17:45:17,441.2,03,4G,被叫
U00116,13000000116,2026-01-31 17:45:17,103.3,01,4G,被叫
U00116,13000000116,2026-03-12 17:45:17,163.7,03,4G,被叫
U00117,13000000117,2026-02-23 17:45:17,257.6,01,5G,被叫
U00117,13000000117,2026-01-23 17:45:17,334.4,02,5G,被叫
U00117,13000000117,2026-03-02 17:45:17,460.5,01,5G,主叫
U00117,13000000117,2026-02-04 17:45:17,547.7,02,4G,被叫
U00117,13000000117,2026-02-11 17:45:17,541.5,03,5G,主叫
U00117,13000000117,2026-02-16 17:45:17,144.0,02,5G,被叫
U00118,13000000118,2026-01-26 17:45:17,66.4,03,4G,主叫
U00118,13000000118,2026-03-02 17:45:17,364.0,01,5G,被叫
U00119,13000000119,2026-02-01 17:45:17,44.0,03,4G,主叫
U00119,13000000119,2026-02-12 17:45:17,407.9,01,4G,主叫
U00119,13000000119,2026-02-22 17:45:17,33.9,01,5G,主叫
U00120,13000000120,2026-03-13 17:45:17,120.4,03,5G,被叫
U00120,13000000120,2026-02-05 17:45:17,48.4,01,5G,主叫
U00120,13000000120,2026-02-15 17:45:17,508.3,03,4G,主叫
U00121,13000000121,2026-02-01 17:45:17,62.4,03,5G,被叫
U00121,13000000121,2026-01-23 17:45:17,141.2,02,4G,被叫
U00121,13000000121,2026-02-02 17:45:17,54.4,02,4G,主叫
U00121,13000000121,2026-01-25 17:45:17,188.4,02,4G,主叫
U00121,13000000121,2026-02-05 17:45:17,118.3,02,4G,主叫
U00121,13000000121,2026-02-27 17:45:17,41.2,02,4G,主叫
U00121,13000000121,2026-02-20 17:45:17,510.6,02,4G,主叫
U00122,13000000122,2026-03-17 17:45:17,472.6,03,4G,被叫
U00122,13000000122,2026-03-20 17:45:17,579.3,02,4G,主叫
U00122,13000000122,2026-03-11 17:45:17,417.9,03,5G,被叫
U00122,13000000122,2026-02-05 17:45:17,509.4,02,5G,被叫
U00122,13000000122,2026-03-13 17:45:17,66.7,02,5G,主叫
U00123,13000000123,2026-03-18 17:45:17,291.4,02,4G,主叫
U00123,13000000123,2026-02-02 17:45:17,347.3,02,5G,被叫
U00124,13000000124,2026-02-12 17:45:17,499.5,01,4G,主叫
U00124,13000000124,2026-03-09 17:45:17,479.3,02,4G,主叫
U00124,13000000124,2026-03-22 17:45:17,346.3,01,4G,被叫
U00124,13000000124,2026-01-24 17:45:17,194.1,03,4G,被叫
U00124,13000000124,2026-01-25 17:45:17,515.9,01,4G,被叫
U00124,13000000124,2026-02-07 17:45:17,428.7,01,5G,主叫
U00125,13000000125,2026-03-10 17:45:17,37.2,02,4G,被叫
U00125,13000000125,2026-03-23 17:45:17,421.1,03,5G,被叫
U00125,13000000125,2026-02-07 17:45:17,99.2,01,5G,被叫
U00125,13000000125,2026-01-26 17:45:17,385.2,01,4G,主叫
U00125,13000000125,2026-03-22 17:45:17,331.5,02,5G,主叫
U00125,13000000125,2026-02-26 17:45:17,97.0,02,5G,被叫
U00125,13000000125,2026-01-23 17:45:17,282.0,01,5G,主叫
U00126,13000000126,2026-02-26 17:45:17,316.2,03,5G,主叫
U00126,13000000126,2026-02-10 17:45:17,369.7,01,5G,主叫
U00127,13000000127,2026-01-26 17:45:17,492.4,01,4G,被叫
U00127,13000000127,2026-03-19 17:45:17,212.3,02,5G,被叫
U00127,13000000127,2026-01-30 17:45:17,300.1,02,4G,主叫
U00127,13000000127,2026-03-22 17:45:17,180.1,01,4G,主叫
U00127,13000000127,2026-02-26 17:45:17,450.0,02,4G,主叫
U00127,13000000127,2026-03-18 17:45:17,404.7,02,5G,被叫
U00127,13000000127,2026-01-25 17:45:17,83.1,02,4G,被叫
U00128,13000000128,2026-02-10 17:45:17,343.9,03,4G,被叫
U00128,13000000128,2026-03-16 17:45:17,50.4,01,5G,主叫
U00128,13000000128,2026-03-13 17:45:17,44.0,02,4G,被叫
U00129,13000000129,2026-03-03 17:45:17,561.9,01,4G,被叫
U00129,13000000129,2026-01-27 17:45:17,149.6,02,4G,主叫
U00130,13000000130,2026-03-17 17:45:17,197.6,01,4G,被叫
U00130,13000000130,2026-02-26 17:45:17,340.7,02,4G,被叫
U00130,13000000130,2026-03-02 17:45:17,318.6,02,5G,被叫
U00130,13000000130,2026-01-26 17:45:17,89.1,01,5G,被叫
U00131,13000000131,2026-03-02 17:45:17,318.6,03,4G,主叫
U00131,13000000131,2026-03-19 17:45:17,255.4,02,5G,主叫
U00132,13000000132,2026-01-30 17:45:17,381.7,01,5G,被叫
U00132,13000000132,2026-03-11 17:45:17,451.6,02,4G,被叫
U00133,13000000133,2026-02-25 17:45:17,544.2,02,4G,主叫
U00133,13000000133,2026-03-12 17:45:17,164.9,02,4G,被叫
U00133,13000000133,2026-02-20 17:45:17,246.6,03,4G,被叫
U00134,13000000134,2026-02-16 17:45:17,286.4,02,5G,被叫
U00134,13000000134,2026-03-14 17:45:17,138.1,01,4G,主叫
U00134,13000000134,2026-03-20 17:45:17,434.1,02,5G,被叫
U00134,13000000134,2026-02-08 17:45:17,66.0,02,5G,被叫
U00135,13000000135,2026-02-15 17:45:17,257.1,01,4G,主叫
U00135,13000000135,2026-03-18 17:45:17,251.8,03,5G,主叫
U00135,13000000135,2026-02-19 17:45:17,40.6,03,4G,被叫
U00135,13000000135,2026-03-14 17:45:17,181.3,02,5G,主叫
U00135,13000000135,2026-02-04 17:45:17,548.0,03,4G,被叫
U00136,13000000136,2026-01-28 17:45:17,477.3,02,5G,主叫
U00136,13000000136,2026-03-19 17:45:17,398.8,02,4G,主叫
U00136,13000000136,2026-02-14 17:45:17,365.8,02,5G,主叫
U00136,13000000136,2026-01-29 17:45:17,213.4,01,4G,主叫
U00137,13000000137,2026-03-18 17:45:17,372.5,02,4G,被叫
U00137,13000000137,2026-02-05 17:45:17,219.0,02,5G,被叫
U00137,13000000137,2026-03-18 17:45:17,514.0,01,5G,被叫
U00137,13000000137,2026-02-10 17:45:17,138.1,03,5G,被叫
U00137,13000000137,2026-03-05 17:45:17,281.5,02,4G,被叫
U00138,13000000138,2026-01-29 17:45:17,451.4,02,4G,被叫
U00138,13000000138,2026-03-02 17:45:17,397.8,01,5G,主叫
U00138,13000000138,2026-02-18 17:45:17,85.0,02,5G,主叫
U00138,13000000138,2026-02-02 17:45:17,491.6,01,4G,主叫
U00138,13000000138,2026-03-20 17:45:17,424.3,02,5G,被叫
U00138,13000000138,2026-02-18 17:45:17,172.1,01,5G,主叫
U00138,13000000138,2026-01-26 17:45:17,403.0,03,4G,主叫
U00138,13000000138,2026-03-20 17:45:17,492.1,03,4G,主叫
U00139,13000000139,2026-01-23 17:45:17,262.4,01,5G,被叫
U00139,13000000139,2026-02-11 17:45:17,458.7,02,4G,主叫
U00139,13000000139,2026-03-08 17:45:17,196.6,01,5G,主叫
U00139,13000000139,2026-02-28 17:45:17,475.4,02,5G,主叫
U00139,13000000139,2026-01-30 17:45:17,262.4,01,4G,被叫
U00139,13000000139,2026-03-19 17:45:17,523.8,02,4G,主叫
U00139,13000000139,2026-03-05 17:45:17,78.8,02,5G,主叫
U00139,13000000139,2026-02-01 17:45:17,110.7,02,4G,被叫
U00140,13000000140,2026-02-11 17:45:17,270.4,01,4G,被叫
U00140,13000000140,2026-03-07 17:45:17,421.7,03,4G,被叫
U00141,13000000141,2026-02-09 17:45:17,392.0,02,4G,被叫
U00141,13000000141,2026-03-02 17:45:17,488.0,03,5G,主叫
U00142,13000000142,2026-02-17 17:45:17,113.8,02,4G,主叫
U00142,13000000142,2026-03-08 17:45:17,165.0,03,4G,主叫
U00142,13000000142,2026-02-23 17:45:17,89.0,03,5G,被叫
U00142,13000000142,2026-02-04 17:45:17,63.1,02,4G,主叫
U00143,13000000143,2026-02-25 17:45:17,352.4,02,4G,主叫
U00143,13000000143,2026-01-25 17:45:17,423.0,03,5G,被叫
U00143,13000000143,2026-02-11 17:45:17,220.0,03,5G,主叫
U00143,13000000143,2026-02-23 17:45:17,437.1,02,4G,被叫
U00143,13000000143,2026-01-31 17:45:17,310.5,02,4G,主叫
U00143,13000000143,2026-02-02 17:45:17,162.8,01,5G,被叫
U00143,13000000143,2026-02-21 17:45:17,65.9,01,5G,被叫
U00143,13000000143,2026-03-24 17:45:17,90.8,03,4G,主叫
U00144,13000000144,2026-02-23 17:45:17,424.9,02,5G,主叫
U00144,13000000144,2026-02-19 17:45:17,323.2,02,4G,被叫
U00144,13000000144,2026-02-07 17:45:17,87.6,02,4G,被叫
U00144,13000000144,2026-02-15 17:45:17,232.9,02,4G,主叫
U00144,13000000144,2026-01-28 17:45:17,339.5,02,4G,主叫
U00144,13000000144,2026-02-24 17:45:17,155.9,03,5G,被叫
U00144,13000000144,2026-02-02 17:45:17,163.1,01,5G,主叫
U00144,13000000144,2026-02-28 17:45:17,497.0,02,4G,被叫
U00145,13000000145,2026-03-05 17:45:17,539.1,03,5G,被叫
U00145,13000000145,2026-02-10 17:45:17,583.7,01,4G,被叫
U00146,13000000146,2026-02-11 17:45:17,307.9,02,5G,被叫
U00146,13000000146,2026-02-26 17:45:17,521.3,02,5G,主叫
U00146,13000000146,2026-02-25 17:45:17,187.4,03,5G,被叫
U00147,13000000147,2026-02-18 17:45:17,239.3,03,4G,被叫
U00147,13000000147,2026-03-10 17:45:17,294.7,02,5G,主叫
U00147,13000000147,2026-02-03 17:45:17,470.5,02,4G,主叫
U00147,13000000147,2026-02-23 17:45:17,217.7,01,5G,被叫
U00147,13000000147,2026-02-15 17:45:17,470.9,02,4G,被叫
U00147,13000000147,2026-02-03 17:45:17,545.6,02,5G,被叫
U00147,13000000147,2026-03-16 17:45:17,364.5,02,4G,主叫
U00148,13000000148,2026-02-16 17:45:17,116.7,02,5G,主叫
U00148,13000000148,2026-03-17 17:45:17,320.3,01,5G,主叫
U00148,13000000148,2026-02-13 17:45:17,520.7,02,4G,被叫
U00148,13000000148,2026-02-14 17:45:17,276.3,03,4G,主叫
U00148,13000000148,2026-02-20 17:45:17,302.9,02,4G,主叫
U00149,13000000149,2026-02-24 17:45:17,553.3,02,5G,被叫
U00149,13000000149,2026-02-26 17:45:17,244.0,01,4G,主叫
U00149,13000000149,2026-03-05 17:45:17,532.5,02,4G,主叫
U00149,13000000149,2026-02-03 17:45:17,167.4,02,5G,被叫
U00149,13000000149,2026-01-31 17:45:17,369.0,02,5G,被叫
U00150,13000000150,2026-02-07 17:45:17,555.5,02,5G,被叫
U00150,13000000150,2026-02-05 17:45:17,216.6,02,4G,被叫
U00150,13000000150,2026-01-24 17:45:17,184.6,02,5G,被叫
U00150,13000000150,2026-02-18 17:45:17,252.4,03,4G,主叫
U00151,13000000151,2026-03-15 17:45:17,214.1,03,5G,主叫
U00151,13000000151,2026-03-24 17:45:17,156.6,03,5G,被叫
U00151,13000000151,2026-02-23 17:45:17,102.4,01,4G,主叫
U00151,13000000151,2026-02-13 17:45:17,308.1,02,5G,主叫
U00151,13000000151,2026-02-03 17:45:17,51.4,01,4G,被叫
U00151,13000000151,2026-02-28 17:45:17,543.2,03,4G,主叫
U00151,13000000151,2026-03-19 17:45:17,554.2,02,5G,主叫
U00152,13000000152,2026-02-06 17:45:17,282.7,03,4G,主叫
U00152,13000000152,2026-02-15 17:45:17,525.0,02,4G,被叫
U00152,13000000152,2026-02-08 17:45:17,541.4,01,5G,被叫
U00152,13000000152,2026-03-12 17:45:17,44.0,02,4G,主叫
U00152,13000000152,2026-02-19 17:45:17,581.4,03,5G,被叫
U00153,13000000153,2026-03-06 17:45:17,74.1,02,4G,被叫
U00153,13000000153,2026-02-03 17:45:17,94.9,01,4G,被叫
U00153,13000000153,2026-01-26 17:45:17,316.6,02,5G,被叫
U00153,13000000153,2026-03-21 17:45:17,327.9,03,4G,主叫
U00153,13000000153,2026-02-13 17:45:17,90.0,02,5G,被叫
U00153,13000000153,2026-02-11 17:45:17,514.6,03,5G,被叫
U00153,13000000153,2026-02-25 17:45:17,395.9,03,4G,主叫
U00154,13000000154,2026-03-13 17:45:17,40.6,02,5G,被叫
U00154,13000000154,2026-03-07 17:45:17,36.9,02,5G,被叫
U00154,13000000154,2026-02-18 17:45:17,364.5,03,5G,主叫
U00154,13000000154,2026-02-25 17:45:17,234.9,01,5G,被叫
U00154,13000000154,2026-02-15 17:45:17,162.9,02,5G,被叫
U00154,13000000154,2026-01-26 17:45:17,531.6,03,5G,主叫
U00154,13000000154,2026-02-14 17:45:17,52.0,01,4G,主叫
U00155,13000000155,2026-02-09 17:45:17,87.5,03,4G,主叫
U00155,13000000155,2026-02-27 17:45:17,416.5,03,5G,被叫
U00155,13000000155,2026-02-12 17:45:17,404.2,02,5G,主叫
U00155,13000000155,2026-02-09 17:45:17,556.6,02,5G,被叫
U00155,13000000155,2026-03-20 17:45:17,346.4,01,4G,主叫
U00155,13000000155,2026-01-27 17:45:17,479.1,03,4G,被叫
U00156,13000000156,2026-02-23 17:45:17,385.0,02,4G,被叫
U00156,13000000156,2026-02-26 17:45:17,136.5,01,4G,主叫
U00156,13000000156,2026-02-16 17:45:17,368.8,02,4G,被叫
U00156,13000000156,2026-01-31 17:45:17,554.4,03,4G,被叫
U00156,13000000156,2026-01-24 17:45:17,149.7,02,4G,主叫
U00156,13000000156,2026-01-24 17:45:17,100.6,03,5G,主叫
U00156,13000000156,2026-02-14 17:45:17,595.8,02,4G,主叫
U00156,13000000156,2026-03-13 17:45:17,201.0,03,4G,主叫
U00157,13000000157,2026-03-12 17:45:17,400.2,02,4G,被叫
U00157,13000000157,2026-03-21 17:45:17,161.1,02,5G,主叫
U00157,13000000157,2026-02-24 17:45:17,43.1,03,4G,主叫
U00158,13000000158,2026-02-07 17:45:17,464.7,02,4G,被叫
U00158,13000000158,2026-02-12 17:45:17,117.6,02,4G,被叫
U00158,13000000158,2026-03-13 17:45:17,72.5,02,5G,被叫
U00158,13000000158,2026-02-10 17:45:17,178.1,02,5G,主叫
U00158,13000000158,2026-03-01 17:45:17,402.3,01,4G,主叫
U00159,13000000159,2026-02-28 17:45:17,455.3,01,4G,主叫
U00159,13000000159,2026-03-06 17:45:17,441.2,02,4G,主叫
U00159,13000000159,2026-01-26 17:45:17,475.7,01,4G,被叫
U00160,13000000160,2026-02-24 17:45:17,339.9,03,5G,主叫
U00160,13000000160,2026-02-02 17:45:17,585.7,03,5G,被叫
U00160,13000000160,2026-02-03 17:45:17,283.6,01,4G,被叫
U00161,13000000161,2026-02-07 17:45:17,408.6,01,5G,被叫
U00161,13000000161,2026-02-12 17:45:17,284.3,01,4G,主叫
U00161,13000000161,2026-01-30 17:45:17,413.7,02,5G,被叫
U00161,13000000161,2026-03-05 17:45:17,126.3,02,5G,主叫
U00161,13000000161,2026-03-04 17:45:17,419.7,01,4G,主叫
U00161,13000000161,2026-01-26 17:45:17,324.8,03,4G,主叫
U00161,13000000161,2026-03-20 17:45:17,596.7,01,4G,主叫
U00161,13000000161,2026-02-28 17:45:17,571.4,01,4G,主叫
U00162,13000000162,2026-03-12 17:45:17,141.9,01,5G,被叫
U00162,13000000162,2026-02-21 17:45:17,210.7,01,5G,被叫
U00162,13000000162,2026-01-23 17:45:17,395.1,02,5G,被叫
U00163,13000000163,2026-02-08 17:45:17,494.1,02,4G,主叫
U00163,13000000163,2026-02-19 17:45:17,523.9,03,4G,主叫
U00164,13000000164,2026-03-18 17:45:17,127.3,01,4G,被叫
U00164,13000000164,2026-01-23 17:45:17,582.7,02,5G,主叫
U00164,13000000164,2026-01-29 17:45:17,428.1,02,4G,主叫
U00165,13000000165,2026-02-19 17:45:17,121.8,02,5G,主叫
U00165,13000000165,2026-02-18 17:45:17,167.3,01,4G,被叫
U00165,13000000165,2026-02-12 17:45:17,143.0,02,5G,被叫
U00165,13000000165,2026-02-20 17:45:17,460.9,02,4G,被叫
U00165,13000000165,2026-02-12 17:45:17,77.9,02,5G,主叫
U00165,13000000165,2026-03-03 17:45:17,451.6,01,4G,主叫
U00165,13000000165,2026-02-11 17:45:17,420.4,02,5G,主叫
U00166,13000000166,2026-02-09 17:45:17,166.7,02,5G,被叫
U00166,13000000166,2026-02-04 17:45:17,119.7,01,5G,主叫
U00166,13000000166,2026-03-23 17:45:17,599.7,02,4G,被叫
U00166,13000000166,2026-03-11 17:45:17,48.2,01,4G,被叫
U00166,13000000166,2026-03-10 17:45:17,415.6,02,5G,主叫
U00167,13000000167,2026-01-27 17:45:17,511.7,02,5G,主叫
U00167,13000000167,2026-02-17 17:45:17,538.0,02,4G,被叫
U00168,13000000168,2026-02-27 17:45:17,494.7,02,4G,被叫
U00168,13000000168,2026-01-24 17:45:17,320.1,03,4G,被叫
U00168,13000000168,2026-01-31 17:45:17,307.4,02,5G,被叫
U00168,13000000168,2026-02-22 17:45:17,226.9,02,5G,被叫
U00168,13000000168,2026-03-22 17:45:17,365.1,02,4G,主叫
U00168,13000000168,2026-01-31 17:45:17,121.7,01,4G,被叫
U00168,13000000168,2026-02-09 17:45:17,528.4,02,5G,主叫
U00168,13000000168,2026-03-21 17:45:17,188.3,01,5G,主叫
U00169,13000000169,2026-02-23 17:45:17,61.1,01,5G,主叫
U00169,13000000169,2026-03-02 17:45:17,262.1,02,5G,被叫
U00169,13000000169,2026-02-06 17:45:17,287.2,02,4G,主叫
U00169,13000000169,2026-03-05 17:45:17,331.5,03,4G,主叫
U00169,13000000169,2026-02-25 17:45:17,143.8,02,5G,主叫
U00169,13000000169,2026-02-22 17:45:17,105.5,03,5G,被叫
U00169,13000000169,2026-02-14 17:45:17,592.4,01,4G,被叫
U00169,13000000169,2026-02-27 17:45:17,294.1,03,5G,主叫
U00170,13000000170,2026-03-20 17:45:17,462.2,01,5G,主叫
U00170,13000000170,2026-03-24 17:45:17,100.6,01,5G,被叫
U00170,13000000170,2026-02-09 17:45:17,545.7,02,5G,主叫
U00170,13000000170,2026-03-16 17:45:17,186.3,02,4G,被叫
U00170,13000000170,2026-02-15 17:45:17,557.4,02,5G,被叫
U00170,13000000170,2026-01-26 17:45:17,453.3,02,4G,被叫
U00170,13000000170,2026-01-28 17:45:17,419.3,02,4G,被叫
U00170,13000000170,2026-02-04 17:45:17,542.1,02,4G,被叫
U00171,13000000171,2026-03-16 17:45:17,298.7,01,5G,主叫
U00171,13000000171,2026-03-24 17:45:17,316.7,01,4G,主叫
U00171,13000000171,2026-02-01 17:45:17,334.6,02,5G,被叫
U00171,13000000171,2026-03-07 17:45:17,114.8,02,5G,主叫
U00171,13000000171,2026-02-21 17:45:17,421.5,01,5G,被叫
U00171,13000000171,2026-02-25 17:45:17,46.0,01,5G,主叫
U00171,13000000171,2026-02-06 17:45:17,206.8,02,5G,主叫
U00172,13000000172,2026-03-01 17:45:17,221.9,02,4G,被叫
U00172,13000000172,2026-02-09 17:45:17,456.7,02,4G,被叫
U00173,13000000173,2026-02-24 17:45:17,66.4,02,4G,被叫
U00173,13000000173,2026-03-13 17:45:17,170.4,02,5G,被叫
U00174,13000000174,2026-02-13 17:45:17,84.5,01,5G,被叫
U00174,13000000174,2026-02-18 17:45:17,433.2,03,4G,被叫
U00174,13000000174,2026-02-16 17:45:17,430.1,03,5G,主叫
U00174,13000000174,2026-03-12 17:45:17,94.5,02,5G,主叫
U00174,13000000174,2026-02-13 17:45:17,64.8,02,5G,主叫
U00174,13000000174,2026-02-12 17:45:17,365.8,02,4G,主叫
U00174,13000000174,2026-03-08 17:45:17,254.6,01,4G,主叫
U00175,13000000175,2026-03-12 17:45:17,233.2,03,4G,主叫
U00175,13000000175,2026-02-16 17:45:17,256.1,03,5G,被叫
U00175,13000000175,2026-02-20 17:45:17,139.9,02,4G,主叫
U00176,13000000176,2026-02-02 17:45:17,160.9,01,4G,被叫
U00176,13000000176,2026-03-12 17:45:17,404.1,01,4G,被叫
U00176,13000000176,2026-02-21 17:45:17,526.1,02,4G,主叫
U00176,13000000176,2026-02-08 17:45:17,253.2,02,5G,被叫
U00176,13000000176,2026-02-23 17:45:17,378.9,01,5G,被叫
U00176,13000000176,2026-02-08 17:45:17,381.2,02,5G,被叫
U00176,13000000176,2026-03-14 17:45:17,68.0,02,5G,主叫
U00177,13000000177,2026-02-12 17:45:17,122.9,02,4G,被叫
U00177,13000000177,2026-02-23 17:45:17,175.3,02,5G,被叫
U00177,13000000177,2026-02-02 17:45:17,102.1,02,5G,主叫
U00178,13000000178,2026-03-21 17:45:17,467.9,01,4G,被叫
U00178,13000000178,2026-03-06 17:45:17,95.0,03,4G,被叫
U00178,13000000178,2026-03-11 17:45:17,363.0,03,4G,主叫
U00178,13000000178,2026-02-28 17:45:17,512.2,02,4G,主叫
U00178,13000000178,2026-02-18 17:45:17,470.2,02,4G,主叫
U00178,13000000178,2026-01-23 17:45:17,297.6,03,4G,主叫
U00178,13000000178,2026-03-08 17:45:17,347.3,01,5G,被叫
U00178,13000000178,2026-01-28 17:45:17,436.1,01,5G,主叫
U00179,13000000179,2026-03-05 17:45:17,170.5,02,5G,被叫
U00179,13000000179,2026-02-05 17:45:17,197.4,02,5G,主叫
U00179,13000000179,2026-02-21 17:45:17,311.9,02,4G,被叫
U00179,13000000179,2026-03-04 17:45:17,240.8,02,5G,被叫
U00179,13000000179,2026-01-25 17:45:17,586.5,03,4G,主叫
U00179,13000000179,2026-02-05 17:45:17,309.1,01,4G,被叫
U00179,13000000179,2026-03-02 17:45:17,137.9,01,5G,被叫
U00180,13000000180,2026-03-01 17:45:17,497.8,02,4G,被叫
U00180,13000000180,2026-01-25 17:45:17,516.7,01,5G,被叫
U00180,13000000180,2026-01-30 17:45:17,53.3,02,5G,被叫
U00180,13000000180,2026-02-04 17:45:17,383.9,03,5G,被叫
U00180,13000000180,2026-03-05 17:45:17,546.1,01,5G,被叫
U00180,13000000180,2026-02-24 17:45:17,338.9,02,4G,主叫
U00181,13000000181,2026-02-02 17:45:17,400.4,01,4G,主叫
U00181,13000000181,2026-03-11 17:45:17,162.8,01,5G,被叫
U00181,13000000181,2026-02-13 17:45:17,575.1,02,5G,被叫
U00182,13000000182,2026-02-07 17:45:17,359.6,01,4G,主叫
U00182,13000000182,2026-03-23 17:45:17,421.6,01,5G,主叫
U00182,13000000182,2026-01-31 17:45:17,317.4,02,4G,主叫
U00183,13000000183,2026-03-09 17:45:17,215.7,03,4G,主叫
U00183,13000000183,2026-02-10 17:45:17,58.9,02,4G,主叫
U00183,13000000183,2026-02-28 17:45:17,352.8,01,5G,被叫
U00183,13000000183,2026-02-04 17:45:17,494.2,01,5G,主叫
U00183,13000000183,2026-03-19 17:45:17,272.5,02,5G,被叫
U00183,13000000183,2026-02-20 17:45:17,349.9,02,5G,主叫
U00183,13000000183,2026-02-28 17:45:17,370.6,02,4G,被叫
U00183,13000000183,2026-02-07 17:45:17,184.8,01,4G,被叫
U00184,13000000184,2026-03-09 17:45:17,190.1,02,4G,主叫
U00184,13000000184,2026-01-24 17:45:17,435.9,01,4G,主叫
U00185,13000000185,2026-02-22 17:45:17,294.5,02,5G,主叫
U00185,13000000185,2026-03-19 17:45:17,440.9,01,5G,主叫
U00185,13000000185,2026-03-20 17:45:17,500.0,02,5G,被叫
U00185,13000000185,2026-03-23 17:45:17,188.2,01,5G,主叫
U00185,13000000185,2026-01-25 17:45:17,399.8,01,5G,主叫
U00186,13000000186,2026-02-16 17:45:17,71.1,02,5G,主叫
U00186,13000000186,2026-02-05 17:45:17,540.0,01,5G,被叫
U00186,13000000186,2026-02-12 17:45:17,516.0,02,4G,被叫
U00186,13000000186,2026-03-22 17:45:17,165.7,03,5G,被叫
U00186,13000000186,2026-03-24 17:45:17,464.7,02,4G,被叫
U00186,13000000186,2026-01-30 17:45:17,287.7,02,4G,主叫
U00186,13000000186,2026-03-21 17:45:17,214.6,02,4G,主叫
U00187,13000000187,2026-01-29 17:45:17,73.3,03,5G,主叫
U00187,13000000187,2026-03-17 17:45:17,85.6,03,5G,主叫
U00187,13000000187,2026-03-13 17:45:17,241.4,02,4G,主叫
U00187,13000000187,2026-03-05 17:45:17,236.8,03,5G,被叫
U00187,13000000187,2026-01-24 17:45:17,110.7,03,5G,被叫
U00187,13000000187,2026-02-01 17:45:17,375.0,01,5G,被叫
U00187,13000000187,2026-02-15 17:45:17,453.9,01,4G,主叫
U00188,13000000188,2026-02-17 17:45:17,587.0,02,5G,主叫
U00188,13000000188,2026-02-09 17:45:17,332.6,01,4G,被叫
U00188,13000000188,2026-01-25 17:45:17,53.9,02,4G,被叫
U00188,13000000188,2026-02-16 17:45:17,194.6,02,4G,主叫
U00188,13000000188,2026-02-09 17:45:17,96.0,02,5G,被叫
U00188,13000000188,2026-02-22 17:45:17,88.4,01,5G,主叫
U00189,13000000189,2026-02-16 17:45:17,107.1,02,5G,主叫
U00189,13000000189,2026-02-18 17:45:17,446.4,03,4G,被叫
U00189,13000000189,2026-03-01 17:45:17,103.6,02,5G,主叫
U00189,13000000189,2026-02-07 17:45:17,428.8,02,4G,被叫
U00189,13000000189,2026-03-09 17:45:17,551.0,02,4G,主叫
U00189,13000000189,2026-03-17 17:45:17,240.8,02,4G,被叫
U00189,13000000189,2026-03-19 17:45:17,388.3,01,4G,被叫
U00190,13000000190,2026-03-16 17:45:17,60.9,02,5G,被叫
U00190,13000000190,2026-02-05 17:45:17,136.0,01,4G,被叫
U00190,13000000190,2026-02-20 17:45:17,88.8,02,4G,主叫
U00190,13000000190,2026-02-21 17:45:17,299.0,02,4G,被叫
U00190,13000000190,2026-03-09 17:45:17,280.9,03,5G,被叫
U00190,13000000190,2026-03-06 17:45:17,537.3,03,4G,主叫
U00191,13000000191,2026-02-16 17:45:17,101.8,01,4G,被叫
U00191,13000000191,2026-03-07 17:45:17,394.9,02,5G,被叫
U00191,13000000191,2026-02-19 17:45:17,288.7,03,5G,主叫
U00191,13000000191,2026-01-27 17:45:17,204.1,01,5G,主叫
U00192,13000000192,2026-02-11 17:45:17,336.8,01,5G,被叫
U00192,13000000192,2026-03-16 17:45:17,426.7,03,4G,被叫
U00192,13000000192,2026-03-08 17:45:17,565.7,03,4G,主叫
U00192,13000000192,2026-02-01 17:45:17,171.1,01,5G,被叫
U00192,13000000192,2026-02-28 17:45:17,114.1,03,4G,主叫
U00193,13000000193,2026-03-09 17:45:17,504.1,02,4G,被叫
U00193,13000000193,2026-03-17 17:45:17,39.7,01,4G,主叫
U00193,13000000193,2026-01-31 17:45:17,348.6,03,4G,主叫
U00194,13000000194,2026-03-22 17:45:17,483.9,02,5G,被叫
U00194,13000000194,2026-01-27 17:45:17,142.1,03,4G,主叫
U00194,13000000194,2026-02-14 17:45:17,260.0,01,5G,主叫
U00194,13000000194,2026-03-01 17:45:17,249.7,01,4G,主叫
U00194,13000000194,2026-02-17 17:45:17,188.3,01,5G,被叫
U00195,13000000195,2026-01-28 17:45:17,476.5,03,4G,被叫
U00195,13000000195,2026-03-15 17:45:17,256.2,02,4G,被叫
U00195,13000000195,2026-02-22 17:45:17,136.3,01,5G,主叫
U00195,13000000195,2026-02-26 17:45:17,587.7,01,5G,被叫
U00195,13000000195,2026-03-14 17:45:17,497.9,02,4G,主叫
U00195,13000000195,2026-03-01 17:45:17,377.2,01,4G,被叫
U00196,13000000196,2026-02-25 17:45:17,142.0,02,5G,被叫
U00196,13000000196,2026-01-26 17:45:17,562.4,03,5G,主叫
U00196,13000000196,2026-03-04 17:45:17,123.0,02,5G,主叫
U00196,13000000196,2026-03-07 17:45:17,50.4,02,4G,主叫
U00196,13000000196,2026-02-08 17:45:17,438.7,02,4G,主叫
U00196,13000000196,2026-02-14 17:45:17,524.2,02,5G,被叫
U00196,13000000196,2026-03-06 17:45:17,474.1,02,5G,被叫
U00197,13000000197,2026-02-25 17:45:17,349.7,02,4G,被叫
U00197,13000000197,2026-03-08 17:45:17,251.5,03,4G,被叫
U00197,13000000197,2026-02-11 17:45:17,52.6,02,5G,被叫
U00197,13000000197,2026-02-21 17:45:17,199.7,03,5G,主叫
U00197,13000000197,2026-03-21 17:45:17,281.5,01,4G,被叫
U00197,13000000197,2026-03-18 17:45:17,157.8,03,4G,被叫
U00197,13000000197,2026-01-25 17:45:17,552.2,02,4G,被叫
U00197,13000000197,2026-03-02 17:45:17,108.9,02,4G,主叫
U00198,13000000198,2026-03-05 17:45:17,337.1,01,5G,主叫
U00198,13000000198,2026-03-03 17:45:17,231.3,01,5G,主叫
U00198,13000000198,2026-02-24 17:45:17,59.3,01,5G,被叫
U00198,13000000198,2026-03-01 17:45:17,281.2,01,5G,主叫
U00198,13000000198,2026-01-26 17:45:17,531.0,02,4G,被叫
U00198,13000000198,2026-01-23 17:45:17,112.0,03,4G,主叫
U00198,13000000198,2026-03-22 17:45:17,553.6,02,5G,被叫
U00199,13000000199,2026-02-23 17:45:17,213.1,02,5G,被叫
U00199,13000000199,2026-03-03 17:45:17,108.6,02,5G,主叫
U00199,13000000199,2026-01-25 17:45:17,234.7,02,4G,主叫
U00199,13000000199,2026-02-26 17:45:17,246.9,02,5G,主叫
U00199,13000000199,2026-02-04 17:45:17,135.3,01,5G,被叫
U00200,13000000200,2026-02-03 17:45:17,166.0,02,5G,主叫
U00200,13000000200,2026-02-10 17:45:17,303.8,02,4G,被叫
U00200,13000000200,2026-02-24 17:45:17,208.8,01,4G,被叫
U00201,13000000201,2026-01-31 17:45:17,458.1,01,5G,主叫
U00201,13000000201,2026-02-16 17:45:17,469.6,03,5G,被叫
U00201,13000000201,2026-03-10 17:45:17,145.9,03,5G,被叫
U00201,13000000201,2026-03-20 17:45:17,246.9,03,4G,被叫
U00202,13000000202,2026-03-20 17:45:17,184.9,01,4G,主叫
U00202,13000000202,2026-01-26 17:45:17,313.0,02,5G,主叫
U00203,13000000203,2026-02-12 17:45:17,510.1,02,4G,主叫
U00203,13000000203,2026-02-08 17:45:17,394.6,02,4G,被叫
U00203,13000000203,2026-02-24 17:45:17,572.5,02,5G,被叫
U00203,13000000203,2026-02-12 17:45:17,267.8,02,5G,主叫
U00204,13000000204,2026-02-12 17:45:17,535.5,03,5G,主叫
U00204,13000000204,2026-02-24 17:45:17,94.7,01,4G,主叫
U00205,13000000205,2026-02-27 17:45:17,161.8,02,5G,被叫
U00205,13000000205,2026-02-02 17:45:17,431.9,03,5G,被叫
U00205,13000000205,2026-02-04 17:45:17,506.0,01,5G,主叫
U00205,13000000205,2026-02-05 17:45:17,379.8,02,5G,主叫
U00205,13000000205,2026-01-27 17:45:17,515.1,01,4G,主叫
U00205,13000000205,2026-02-22 17:45:17,393.9,02,5G,主叫
U00205,13000000205,2026-02-23 17:45:17,363.6,03,5G,主叫
U00205,13000000205,2026-02-28 17:45:17,505.5,03,5G,被叫
U00206,13000000206,2026-02-21 17:45:17,275.8,03,5G,被叫
U00206,13000000206,2026-02-22 17:45:17,47.9,02,5G,主叫
U00206,13000000206,2026-01-24 17:45:17,579.9,03,4G,被叫
U00206,13000000206,2026-02-05 17:45:17,44.4,01,5G,被叫
U00207,13000000207,2026-02-24 17:45:17,518.6,03,4G,被叫
U00207,13000000207,2026-02-06 17:45:17,330.4,01,4G,被叫
U00207,13000000207,2026-03-05 17:45:17,369.5,02,5G,主叫
U00207,13000000207,2026-02-22 17:45:17,584.6,01,5G,被叫
U00207,13000000207,2026-02-20 17:45:17,502.7,02,5G,被叫
U00207,13000000207,2026-02-23 17:45:17,326.3,01,5G,主叫
U00207,13000000207,2026-02-22 17:45:17,76.3,03,5G,主叫
U00207,13000000207,2026-03-14 17:45:17,78.8,02,5G,主叫
U00208,13000000208,2026-02-16 17:45:17,559.0,03,4G,主叫
U00208,13000000208,2026-02-07 17:45:17,453.8,03,4G,主叫
U00208,13000000208,2026-01-29 17:45:17,191.7,02,4G,被叫
U00208,13000000208,2026-02-25 17:45:17,541.2,02,5G,被叫
U00209,13000000209,2026-03-07 17:45:17,422.7,01,5G,主叫
U00209,13000000209,2026-02-28 17:45:17,207.9,02,4G,被叫
U00210,13000000210,2026-01-24 17:45:17,366.8,01,5G,主叫
U00210,13000000210,2026-03-24 17:45:17,355.0,01,5G,被叫
U00211,13000000211,2026-03-14 17:45:17,184.2,03,5G,主叫
U00211,13000000211,2026-03-18 17:45:17,114.2,01,4G,被叫
U00211,13000000211,2026-02-16 17:45:17,564.6,02,4G,主叫
U00212,13000000212,2026-02-04 17:45:17,99.2,01,4G,主叫
U00212,13000000212,2026-03-15 17:45:17,279.5,01,5G,被叫
U00212,13000000212,2026-02-14 17:45:17,145.6,01,5G,主叫
U00212,13000000212,2026-01-25 17:45:17,547.5,03,5G,主叫
U00213,13000000213,2026-03-08 17:45:17,296.6,03,4G,被叫
U00213,13000000213,2026-02-14 17:45:17,404.1,02,4G,主叫
U00213,13000000213,2026-02-20 17:45:17,45.6,03,5G,主叫
U00213,13000000213,2026-02-26 17:45:17,131.3,02,4G,主叫
U00213,13000000213,2026-03-02 17:45:17,56.9,02,5G,被叫
U00213,13000000213,2026-02-06 17:45:17,87.0,02,4G,被叫
U00213,13000000213,2026-02-18 17:45:17,426.9,02,4G,主叫
U00214,13000000214,2026-02-18 17:45:17,319.3,02,5G,被叫
U00214,13000000214,2026-02-03 17:45:17,85.4,03,4G,被叫
U00215,13000000215,2026-03-19 17:45:17,369.9,03,4G,被叫
U00215,13000000215,2026-02-17 17:45:17,232.0,01,4G,被叫
U00215,13000000215,2026-02-26 17:45:17,331.9,02,5G,主叫
U00215,13000000215,2026-02-10 17:45:17,37.9,01,4G,主叫
U00215,13000000215,2026-02-10 17:45:17,386.5,02,4G,被叫
U00215,13000000215,2026-03-03 17:45:17,280.1,02,4G,被叫
U00215,13000000215,2026-03-04 17:45:17,403.0,02,4G,被叫
U00215,13000000215,2026-02-21 17:45:17,92.3,02,4G,主叫
U00216,13000000216,2026-02-23 17:45:17,565.6,03,4G,被叫
U00216,13000000216,2026-03-04 17:45:17,547.5,02,5G,主叫
U00217,13000000217,2026-01-25 17:45:17,197.8,01,4G,主叫
U00217,13000000217,2026-03-13 17:45:17,532.5,02,5G,被叫
U00217,13000000217,2026-03-04 17:45:17,104.9,03,4G,被叫
U00217,13000000217,2026-03-09 17:45:17,246.7,02,5G,被叫
U00217,13000000217,2026-02-21 17:45:17,112.4,03,4G,主叫
U00217,13000000217,2026-03-09 17:45:17,246.7,02,5G,主叫
U00217,13000000217,2026-02-12 17:45:17,385.2,02,5G,被叫
U00218,13000000218,2026-02-07 17:45:17,507.5,02,5G,被叫
U00218,13000000218,2026-01-31 17:45:17,318.8,03,4G,被叫
U00218,13000000218,2026-02-10 17:45:17,554.2,03,4G,被叫
U00218,13000000218,2026-03-07 17:45:17,217.6,02,5G,被叫
U00218,13000000218,2026-01-24 17:45:17,47.2,01,4G,主叫
U00218,13000000218,2026-03-09 17:45:17,92.6,03,5G,被叫
U00218,13000000218,2026-03-05 17:45:17,183.7,02,5G,被叫
U00218,13000000218,2026-03-16 17:45:17,218.4,02,5G,主叫
U00219,13000000219,2026-02-11 17:45:17,598.1,02,5G,主叫
U00219,13000000219,2026-01-24 17:45:17,531.6,02,4G,被叫
U00220,13000000220,2026-02-21 17:45:17,382.4,02,5G,主叫
U00220,13000000220,2026-03-22 17:45:17,502.4,02,5G,被叫
U00220,13000000220,2026-02-03 17:45:17,373.2,03,5G,主叫
U00220,13000000220,2026-03-15 17:45:17,114.7,02,5G,主叫
U00220,13000000220,2026-03-21 17:45:17,488.1,02,4G,被叫
U00220,13000000220,2026-03-18 17:45:17,488.9,02,4G,主叫
U00220,13000000220,2026-02-17 17:45:17,476.1,03,4G,主叫
U00221,13000000221,2026-03-15 17:45:17,381.2,02,5G,被叫
U00221,13000000221,2026-03-11 17:45:17,91.5,03,4G,被叫
U00222,13000000222,2026-02-22 17:45:17,369.6,01,5G,主叫
U00222,13000000222,2026-02-19 17:45:17,372.2,01,5G,主叫
U00222,13000000222,2026-02-20 17:45:17,31.2,02,5G,主叫
U00222,13000000222,2026-03-17 17:45:17,218.6,02,4G,主叫
U00223,13000000223,2026-02-17 17:45:17,488.3,02,5G,被叫
U00223,13000000223,2026-02-10 17:45:17,417.3,03,4G,被叫
U00224,13000000224,2026-02-27 17:45:17,360.7,02,4G,主叫
U00224,13000000224,2026-01-28 17:45:17,235.4,02,4G,被叫
U00224,13000000224,2026-03-19 17:45:17,207.3,02,5G,被叫
U00224,13000000224,2026-02-03 17:45:17,86.1,02,5G,被叫
U00224,13000000224,2026-01-26 17:45:17,285.4,02,4G,主叫
U00225,13000000225,2026-03-08 17:45:17,180.8,01,4G,被叫
U00225,13000000225,2026-03-24 17:45:17,451.1,02,5G,被叫
U00225,13000000225,2026-01-29 17:45:17,42.6,03,5G,被叫
U00225,13000000225,2026-02-26 17:45:17,179.7,03,4G,被叫
U00225,13000000225,2026-03-09 17:45:17,111.7,01,5G,主叫
U00225,13000000225,2026-02-11 17:45:17,502.5,01,4G,被叫
U00225,13000000225,2026-03-09 17:45:17,248.5,03,5G,被叫
U00225,13000000225,2026-02-25 17:45:17,425.3,01,5G,主叫
U00226,13000000226,2026-02-20 17:45:17,449.7,03,5G,主叫
U00226,13000000226,2026-02-24 17:45:17,208.9,02,5G,主叫
U00226,13000000226,2026-03-04 17:45:17,502.3,02,4G,主叫
U00227,13000000227,2026-01-28 17:45:17,399.4,02,5G,被叫
U00227,13000000227,2026-03-06 17:45:17,349.4,02,5G,被叫
U00228,13000000228,2026-03-13 17:45:17,583.9,01,4G,主叫
U00228,13000000228,2026-02-21 17:45:17,333.5,02,4G,主叫
U00229,13000000229,2026-03-24 17:45:17,570.2,02,4G,被叫
U00229,13000000229,2026-03-19 17:45:17,437.4,01,4G,被叫
U00229,13000000229,2026-02-02 17:45:17,165.4,01,4G,被叫
U00229,13000000229,2026-03-23 17:45:17,43.4,03,4G,主叫
U00229,13000000229,2026-03-11 17:45:17,398.0,03,4G,主叫
U00230,13000000230,2026-02-06 17:45:17,440.6,01,4G,被叫
U00230,13000000230,2026-03-21 17:45:17,423.9,02,5G,被叫
U00231,13000000231,2026-03-10 17:45:17,303.5,01,4G,主叫
U00231,13000000231,2026-03-07 17:45:17,428.3,02,5G,主叫
U00231,13000000231,2026-02-14 17:45:17,285.6,03,5G,主叫
U00231,13000000231,2026-01-23 17:45:17,559.1,03,5G,主叫
U00231,13000000231,2026-02-02 17:45:17,168.0,02,4G,被叫
U00231,13000000231,2026-03-08 17:45:17,114.8,01,4G,主叫
U00231,13000000231,2026-02-26 17:45:17,71.5,01,5G,被叫
U00232,13000000232,2026-02-15 17:45:17,357.6,01,4G,被叫
U00232,13000000232,2026-02-04 17:45:17,457.8,02,4G,被叫
U00232,13000000232,2026-02-07 17:45:17,378.6,01,4G,主叫
U00232,13000000232,2026-02-15 17:45:17,354.1,03,4G,被叫
U00232,13000000232,2026-02-25 17:45:17,323.8,02,5G,主叫
U00232,13000000232,2026-02-12 17:45:17,189.0,01,5G,被叫
U00232,13000000232,2026-02-15 17:45:17,38.6,03,4G,主叫
U00233,13000000233,2026-03-11 17:45:17,237.9,03,5G,主叫
U00233,13000000233,2026-03-03 17:45:17,337.9,01,5G,主叫
U00233,13000000233,2026-02-16 17:45:17,418.3,02,5G,主叫
U00233,13000000233,2026-03-13 17:45:17,202.6,01,4G,主叫
U00233,13000000233,2026-03-02 17:45:17,41.3,01,4G,主叫
U00233,13000000233,2026-02-24 17:45:17,354.5,01,4G,主叫
U00234,13000000234,2026-02-26 17:45:17,302.4,02,4G,主叫
U00234,13000000234,2026-02-25 17:45:17,491.1,02,5G,主叫
U00235,13000000235,2026-02-28 17:45:17,510.6,02,4G,被叫
U00235,13000000235,2026-01-25 17:45:17,337.7,02,5G,被叫
U00235,13000000235,2026-03-17 17:45:17,89.7,02,5G,主叫
U00235,13000000235,2026-02-04 17:45:17,233.2,02,5G,被叫
U00235,13000000235,2026-02-24 17:45:17,192.7,02,4G,主叫
U00236,13000000236,2026-03-03 17:45:17,376.0,02,4G,主叫
U00236,13000000236,2026-03-02 17:45:17,323.8,01,4G,被叫
U00236,13000000236,2026-02-04 17:45:17,33.6,01,5G,被叫
U00237,13000000237,2026-02-12 17:45:17,445.9,03,5G,主叫
U00237,13000000237,2026-03-09 17:45:17,489.5,02,4G,主叫
U00237,13000000237,2026-02-27 17:45:17,310.7,02,4G,主叫
U00237,13000000237,2026-01-30 17:45:17,141.1,03,4G,主叫
U00237,13000000237,2026-02-28 17:45:17,245.1,02,5G,被叫
U00237,13000000237,2026-03-24 17:45:17,261.7,02,5G,被叫
U00238,13000000238,2026-03-13 17:45:17,569.5,03,4G,被叫
U00238,13000000238,2026-02-07 17:45:17,40.0,02,4G,主叫
U00238,13000000238,2026-02-13 17:45:17,197.1,01,4G,主叫
U00238,13000000238,2026-03-10 17:45:17,576.3,02,4G,主叫
U00238,13000000238,2026-02-04 17:45:17,475.2,03,5G,主叫
U00238,13000000238,2026-03-02 17:45:17,587.9,02,4G,被叫
U00238,13000000238,2026-03-07 17:45:17,154.0,03,5G,主叫
U00239,13000000239,2026-02-19 17:45:17,84.7,03,4G,被叫
U00239,13000000239,2026-02-22 17:45:17,289.1,01,5G,被叫
U00239,13000000239,2026-02-10 17:45:17,300.1,02,4G,被叫
U00239,13000000239,2026-02-24 17:45:17,140.9,03,4G,主叫
U00239,13000000239,2026-01-25 17:45:17,133.7,02,5G,主叫
U00239,13000000239,2026-02-20 17:45:17,319.0,01,4G,主叫
U00239,13000000239,2026-02-08 17:45:17,358.5,02,5G,主叫
U00239,13000000239,2026-03-19 17:45:17,330.4,02,4G,主叫
U00240,13000000240,2026-02-28 17:45:17,451.4,03,5G,主叫
U00240,13000000240,2026-02-12 17:45:17,161.7,02,4G,主叫
U00240,13000000240,2026-01-26 17:45:17,504.0,03,4G,被叫
U00241,13000000241,2026-03-16 17:45:17,123.3,02,4G,被叫
U00241,13000000241,2026-03-16 17:45:17,320.4,02,4G,主叫
U00241,13000000241,2026-03-08 17:45:17,359.7,02,4G,主叫
U00241,13000000241,2026-03-18 17:45:17,175.3,01,5G,主叫
U00241,13000000241,2026-03-14 17:45:17,470.1,03,4G,主叫
U00241,13000000241,2026-02-25 17:45:17,487.3,01,4G,主叫
U00241,13000000241,2026-03-12 17:45:17,248.2,02,4G,被叫
U00242,13000000242,2026-03-11 17:45:17,429.6,03,4G,被叫
U00242,13000000242,2026-01-27 17:45:17,55.9,02,4G,主叫
U00242,13000000242,2026-02-01 17:45:17,257.1,02,5G,被叫
U00242,13000000242,2026-02-11 17:45:17,173.5,02,4G,主叫
U00242,13000000242,2026-03-04 17:45:17,219.0,03,5G,主叫
U00242,13000000242,2026-02-04 17:45:17,390.4,02,5G,被叫
U00242,13000000242,2026-03-22 17:45:17,433.1,01,4G,主叫
U00242,13000000242,2026-03-02 17:45:17,244.6,01,4G,主叫
U00243,13000000243,2026-03-06 17:45:17,207.0,02,5G,被叫
U00243,13000000243,2026-02-04 17:45:17,452.0,02,4G,被叫
U00243,13000000243,2026-03-18 17:45:17,195.1,02,5G,主叫
U00244,13000000244,2026-02-04 17:45:17,67.3,02,4G,被叫
U00244,13000000244,2026-03-23 17:45:17,487.3,03,5G,主叫
U00244,13000000244,2026-01-31 17:45:17,482.6,02,5G,被叫
U00244,13000000244,2026-01-23 17:45:17,480.9,02,5G,主叫
U00244,13000000244,2026-02-06 17:45:17,297.0,02,4G,主叫
U00244,13000000244,2026-03-16 17:45:17,312.2,02,4G,主叫
U00244,13000000244,2026-03-10 17:45:17,501.1,02,4G,被叫
U00244,13000000244,2026-03-22 17:45:17,595.2,02,5G,被叫
U00245,13000000245,2026-01-27 17:45:17,207.1,02,5G,主叫
U00245,13000000245,2026-01-31 17:45:17,553.0,01,5G,被叫
U00246,13000000246,2026-02-15 17:45:17,330.9,02,4G,主叫
U00246,13000000246,2026-01-28 17:45:17,303.1,01,5G,被叫
U00246,13000000246,2026-03-23 17:45:17,386.7,03,4G,被叫
U00246,13000000246,2026-02-20 17:45:17,147.3,02,4G,被叫
U00246,13000000246,2026-02-26 17:45:17,357.2,03,4G,主叫
U00247,13000000247,2026-02-09 17:45:17,363.7,03,4G,主叫
U00247,13000000247,2026-02-19 17:45:17,78.2,02,4G,主叫
U00247,13000000247,2026-02-07 17:45:17,437.9,02,5G,被叫
U00247,13000000247,2026-02-01 17:45:17,276.0,01,5G,主叫
U00247,13000000247,2026-03-08 17:45:17,77.1,03,4G,主叫
U00247,13000000247,2026-02-26 17:45:17,382.0,01,4G,主叫
U00248,13000000248,2026-01-29 17:45:17,485.1,02,4G,被叫
U00248,13000000248,2026-02-25 17:45:17,331.9,01,4G,被叫
U00248,13000000248,2026-02-27 17:45:17,208.9,03,4G,被叫
U00248,13000000248,2026-03-18 17:45:17,492.6,01,5G,主叫
U00248,13000000248,2026-02-15 17:45:17,138.3,02,5G,被叫
U00248,13000000248,2026-03-12 17:45:17,246.1,01,5G,被叫
U00249,13000000249,2026-03-02 17:45:17,112.6,02,4G,被叫
U00249,13000000249,2026-01-30 17:45:17,222.0,02,4G,被叫
U00249,13000000249,2026-03-15 17:45:17,559.4,02,4G,主叫
U00249,13000000249,2026-03-24 17:45:17,506.4,03,4G,主叫
U00249,13000000249,2026-02-13 17:45:17,528.0,01,4G,主叫
U00249,13000000249,2026-03-02 17:45:17,326.1,01,5G,主叫
U00249,13000000249,2026-02-23 17:45:17,437.8,02,4G,被叫
U00249,13000000249,2026-03-01 17:45:17,279.6,02,5G,主叫
U00250,13000000250,2026-02-11 17:45:17,366.7,02,5G,主叫
U00250,13000000250,2026-03-05 17:45:17,354.3,02,5G,被叫
U00250,13000000250,2026-02-23 17:45:17,539.4,01,5G,被叫
U00250,13000000250,2026-03-11 17:45:17,383.1,02,5G,主叫
U00250,13000000250,2026-03-19 17:45:17,350.5,02,5G,被叫
U00250,13000000250,2026-02-07 17:45:17,208.7,02,5G,主叫
U00251,13000000251,2026-03-17 17:45:17,542.8,02,5G,主叫
U00251,13000000251,2026-02-10 17:45:17,536.4,02,4G,主叫
U00251,13000000251,2026-02-21 17:45:17,332.0,02,5G,被叫
U00251,13000000251,2026-01-31 17:45:17,256.3,03,5G,主叫
U00251,13000000251,2026-01-24 17:45:17,393.3,03,5G,被叫
U00251,13000000251,2026-03-03 17:45:17,57.7,03,5G,被叫
U00251,13000000251,2026-02-17 17:45:17,201.0,03,4G,主叫
U00252,13000000252,2026-01-31 17:45:17,227.1,01,5G,主叫
U00252,13000000252,2026-01-23 17:45:17,474.7,02,4G,被叫
U00252,13000000252,2026-03-07 17:45:17,34.9,03,5G,被叫
U00252,13000000252,2026-03-15 17:45:17,262.8,02,4G,主叫
U00253,13000000253,2026-01-31 17:45:17,195.5,02,4G,主叫
U00253,13000000253,2026-03-11 17:45:17,175.1,02,4G,被叫
U00254,13000000254,2026-02-13 17:45:17,322.4,03,5G,主叫
U00254,13000000254,2026-03-19 17:45:17,251.6,02,5G,被叫
U00254,13000000254,2026-02-23 17:45:17,193.2,02,4G,主叫
U00254,13000000254,2026-03-21 17:45:17,417.7,02,4G,主叫
U00254,13000000254,2026-03-12 17:45:17,311.0,03,5G,主叫
U00254,13000000254,2026-02-14 17:45:17,591.9,03,5G,被叫
U00254,13000000254,2026-02-15 17:45:17,143.9,02,5G,被叫
U00254,13000000254,2026-03-09 17:45:17,301.9,02,4G,被叫
U00255,13000000255,2026-02-23 17:45:17,429.0,03,4G,主叫
U00255,13000000255,2026-03-07 17:45:17,296.2,02,4G,主叫
U00255,13000000255,2026-03-04 17:45:17,420.0,02,5G,主叫
U00255,13000000255,2026-02-07 17:45:17,505.9,02,5G,被叫
U00255,13000000255,2026-03-21 17:45:17,496.5,02,4G,被叫
U00255,13000000255,2026-02-04 17:45:17,141.0,01,5G,主叫
U00255,13000000255,2026-02-19 17:45:17,59.2,01,4G,被叫
U00256,13000000256,2026-02-03 17:45:17,341.9,01,4G,主叫
U00256,13000000256,2026-02-16 17:45:17,126.4,01,5G,被叫
U00256,13000000256,2026-01-26 17:45:17,204.1,02,5G,主叫
U00256,13000000256,2026-03-18 17:45:17,433.4,03,4G,主叫
U00256,13000000256,2026-02-10 17:45:17,467.3,02,5G,被叫
U00257,13000000257,2026-02-26 17:45:17,400.9,01,4G,被叫
U00257,13000000257,2026-01-26 17:45:17,418.7,02,5G,被叫
U00257,13000000257,2026-03-14 17:45:17,448.7,01,5G,被叫
U00257,13000000257,2026-02-22 17:45:17,169.9,02,5G,主叫
U00257,13000000257,2026-01-28 17:45:17,389.8,02,5G,主叫
U00257,13000000257,2026-01-25 17:45:17,183.9,02,4G,主叫
U00257,13000000257,2026-03-20 17:45:17,331.6,01,5G,主叫
U00258,13000000258,2026-02-18 17:45:17,467.1,01,5G,主叫
U00258,13000000258,2026-03-11 17:45:17,107.6,01,5G,被叫
U00258,13000000258,2026-03-07 17:45:17,584.7,01,4G,被叫
U00258,13000000258,2026-02-21 17:45:17,100.4,02,4G,主叫
U00258,13000000258,2026-02-17 17:45:17,582.4,01,5G,被叫
U00258,13000000258,2026-03-21 17:45:17,166.5,01,4G,被叫
U00259,13000000259,2026-02-05 17:45:17,88.7,01,4G,主叫
U00259,13000000259,2026-03-10 17:45:17,379.6,02,4G,主叫
U00259,13000000259,2026-01-26 17:45:17,408.5,02,5G,主叫
U00259,13000000259,2026-02-23 17:45:17,529.5,02,4G,主叫
U00259,13000000259,2026-03-19 17:45:17,407.2,01,5G,主叫
U00259,13000000259,2026-02-03 17:45:17,306.7,03,4G,被叫
U00259,13000000259,2026-03-21 17:45:17,80.6,01,5G,被叫
U00260,13000000260,2026-02-28 17:45:17,245.8,03,5G,主叫
U00260,13000000260,2026-03-20 17:45:17,489.5,01,4G,被叫
U00261,13000000261,2026-03-20 17:45:17,457.6,01,5G,被叫
U00261,13000000261,2026-02-28 17:45:17,189.6,02,5G,主叫
U00262,13000000262,2026-03-19 17:45:17,119.0,01,4G,被叫
U00262,13000000262,2026-01-23 17:45:17,233.9,03,4G,主叫
U00262,13000000262,2026-02-17 17:45:17,398.1,02,5G,被叫
U00262,13000000262,2026-02-23 17:45:17,598.0,01,4G,主叫
U00262,13000000262,2026-03-12 17:45:17,206.8,02,5G,主叫
U00262,13000000262,2026-02-05 17:45:17,433.4,03,4G,被叫
U00262,13000000262,2026-03-12 17:45:17,246.6,02,4G,被叫
U00263,13000000263,2026-03-05 17:45:17,189.8,02,5G,被叫
U00263,13000000263,2026-03-20 17:45:17,527.8,01,4G,主叫
U00263,13000000263,2026-02-16 17:45:17,555.0,02,5G,主叫
U00263,13000000263,2026-02-15 17:45:17,48.5,02,4G,主叫
U00263,13000000263,2026-02-26 17:45:17,232.0,02,5G,被叫
U00264,13000000264,2026-03-23 17:45:17,314.6,02,4G,主叫
U00264,13000000264,2026-03-09 17:45:17,328.1,01,4G,被叫
U00264,13000000264,2026-02-15 17:45:17,89.8,02,5G,主叫
U00265,13000000265,2026-03-19 17:45:17,526.0,03,5G,被叫
U00265,13000000265,2026-03-24 17:45:17,294.7,03,5G,被叫
U00265,13000000265,2026-02-28 17:45:17,53.7,01,4G,主叫
U00265,13000000265,2026-01-30 17:45:17,521.2,01,5G,主叫
U00265,13000000265,2026-02-11 17:45:17,529.4,01,4G,主叫
U00266,13000000266,2026-02-06 17:45:17,317.5,01,5G,主叫
U00266,13000000266,2026-02-17 17:45:17,195.4,01,4G,主叫
U00266,13000000266,2026-03-21 17:45:17,471.8,03,5G,被叫
U00266,13000000266,2026-03-24 17:45:17,171.3,02,5G,被叫
U00266,13000000266,2026-02-10 17:45:17,298.2,02,4G,主叫
U00266,13000000266,2026-02-21 17:45:17,312.0,02,5G,主叫
U00266,13000000266,2026-02-05 17:45:17,337.0,02,5G,被叫
U00266,13000000266,2026-03-13 17:45:17,414.5,03,4G,被叫
U00267,13000000267,2026-02-27 17:45:17,95.1,02,5G,被叫
U00267,13000000267,2026-01-24 17:45:17,397.5,02,5G,被叫
U00267,13000000267,2026-02-28 17:45:17,357.6,03,4G,主叫
U00267,13000000267,2026-03-08 17:45:17,149.9,03,4G,被叫
U00267,13000000267,2026-01-30 17:45:17,584.7,01,5G,被叫
U00267,13000000267,2026-01-24 17:45:17,345.4,01,4G,主叫
U00267,13000000267,2026-02-04 17:45:17,503.2,02,5G,被叫
U00268,13000000268,2026-02-14 17:45:17,35.5,02,5G,主叫
U00268,13000000268,2026-01-27 17:45:17,517.7,01,4G,被叫
U00268,13000000268,2026-03-11 17:45:17,216.2,02,5G,被叫
U00268,13000000268,2026-03-16 17:45:17,201.1,02,4G,主叫
U00268,13000000268,2026-01-23 17:45:17,221.2,01,5G,主叫
U00268,13000000268,2026-02-18 17:45:17,421.9,02,4G,被叫
U00268,13000000268,2026-03-15 17:45:17,578.0,03,5G,被叫
U00268,13000000268,2026-02-05 17:45:17,188.7,02,4G,被叫
U00269,13000000269,2026-03-06 17:45:17,110.2,02,4G,被叫
U00269,13000000269,2026-03-17 17:45:17,410.1,03,4G,被叫
U00269,13000000269,2026-03-15 17:45:17,543.6,02,5G,被叫
U00269,13000000269,2026-03-08 17:45:17,454.7,01,5G,主叫
U00269,13000000269,2026-02-07 17:45:17,559.8,01,4G,被叫
U00270,13000000270,2026-02-16 17:45:17,159.8,02,4G,主叫
U00270,13000000270,2026-03-13 17:45:17,453.6,02,4G,被叫
U00270,13000000270,2026-03-05 17:45:17,285.0,01,4G,主叫
U00271,13000000271,2026-02-24 17:45:17,336.7,02,4G,被叫
U00271,13000000271,2026-02-16 17:45:17,255.1,01,4G,被叫
U00271,13000000271,2026-03-15 17:45:17,135.0,02,5G,主叫
U00271,13000000271,2026-03-12 17:45:17,229.5,01,4G,主叫
U00271,13000000271,2026-02-02 17:45:17,577.9,02,5G,被叫
U00272,13000000272,2026-02-23 17:45:17,525.5,03,4G,被叫
U00272,13000000272,2026-03-06 17:45:17,519.6,01,5G,主叫
U00272,13000000272,2026-03-24 17:45:17,234.1,03,4G,主叫
U00272,13000000272,2026-02-08 17:45:17,399.9,03,4G,主叫
U00272,13000000272,2026-03-03 17:45:17,561.9,03,5G,主叫
U00273,13000000273,2026-02-06 17:45:17,285.4,02,4G,主叫
U00273,13000000273,2026-03-21 17:45:17,330.8,02,5G,被叫
U00273,13000000273,2026-02-13 17:45:17,268.0,02,5G,被叫
U00273,13000000273,2026-03-22 17:45:17,592.5,02,4G,被叫
U00273,13000000273,2026-03-23 17:45:17,94.0,03,5G,主叫
U00273,13000000273,2026-02-04 17:45:17,203.4,01,4G,主叫
U00273,13000000273,2026-02-27 17:45:17,593.3,02,5G,被叫
U00274,13000000274,2026-03-19 17:45:17,192.2,02,4G,主叫
U00274,13000000274,2026-03-09 17:45:17,330.7,02,5G,主叫
U00274,13000000274,2026-03-02 17:45:17,32.0,02,5G,主叫
U00274,13000000274,2026-03-19 17:45:17,300.0,01,5G,主叫
U00274,13000000274,2026-01-24 17:45:17,370.9,02,5G,主叫
U00274,13000000274,2026-02-17 17:45:17,322.4,02,4G,被叫
U00274,13000000274,2026-02-02 17:45:17,329.6,02,4G,主叫
U00274,13000000274,2026-02-28 17:45:17,282.9,03,5G,被叫
U00275,13000000275,2026-03-05 17:45:17,92.8,01,4G,主叫
U00275,13000000275,2026-03-19 17:45:17,55.8,01,4G,主叫
U00275,13000000275,2026-03-04 17:45:17,499.3,02,5G,主叫
U00275,13000000275,2026-02-18 17:45:17,99.7,02,4G,被叫
U00275,13000000275,2026-03-17 17:45:17,286.4,01,5G,主叫
U00275,13000000275,2026-03-20 17:45:17,78.7,02,4G,主叫
U00276,13000000276,2026-02-07 17:45:17,88.4,03,4G,被叫
U00276,13000000276,2026-02-10 17:45:17,210.4,02,4G,主叫
U00276,13000000276,2026-02-18 17:45:17,197.0,02,4G,被叫
U00277,13000000277,2026-02-27 17:45:17,486.4,03,4G,被叫
U00277,13000000277,2026-03-09 17:45:17,490.2,02,4G,被叫
U00277,13000000277,2026-03-14 17:45:17,438.6,02,5G,被叫
U00277,13000000277,2026-03-15 17:45:17,469.1,02,5G,主叫
U00277,13000000277,2026-03-22 17:45:17,337.4,02,4G,被叫
U00277,13000000277,2026-01-26 17:45:17,468.4,03,5G,被叫
U00278,13000000278,2026-01-26 17:45:17,65.7,01,5G,主叫
U00278,13000000278,2026-03-24 17:45:17,478.4,02,5G,被叫
U00278,13000000278,2026-01-24 17:45:17,478.7,01,5G,主叫
U00278,13000000278,2026-03-11 17:45:17,148.6,02,5G,被叫
U00278,13000000278,2026-02-27 17:45:17,153.8,02,4G,主叫
U00278,13000000278,2026-02-11 17:45:17,48.6,02,5G,主叫
U00278,13000000278,2026-03-17 17:45:17,562.2,02,4G,被叫
U00279,13000000279,2026-01-27 17:45:17,526.0,02,4G,被叫
U00279,13000000279,2026-02-27 17:45:17,105.2,03,4G,主叫
U00279,13000000279,2026-02-22 17:45:17,238.5,03,4G,被叫
U00279,13000000279,2026-02-24 17:45:17,420.5,01,5G,主叫
U00279,13000000279,2026-01-31 17:45:17,134.8,03,4G,主叫
U00280,13000000280,2026-01-31 17:45:17,549.2,03,4G,主叫
U00280,13000000280,2026-02-17 17:45:17,558.1,01,5G,被叫
U00280,13000000280,2026-02-13 17:45:17,336.4,02,4G,主叫
U00281,13000000281,2026-03-19 17:45:17,324.2,01,5G,主叫
U00281,13000000281,2026-01-25 17:45:17,557.1,03,5G,被叫
U00281,13000000281,2026-02-01 17:45:17,573.6,01,4G,主叫
U00282,13000000282,2026-02-15 17:45:17,583.6,03,4G,主叫
U00282,13000000282,2026-02-27 17:45:17,31.1,01,4G,主叫
U00282,13000000282,2026-03-15 17:45:17,343.5,01,5G,被叫
U00282,13000000282,2026-02-14 17:45:17,158.8,02,5G,主叫
U00282,13000000282,2026-03-09 17:45:17,485.3,01,4G,主叫
U00282,13000000282,2026-03-19 17:45:17,235.2,01,4G,主叫
U00282,13000000282,2026-02-10 17:45:17,372.6,03,4G,主叫
U00282,13000000282,2026-02-05 17:45:17,469.9,02,4G,被叫
U00283,13000000283,2026-03-18 17:45:17,392.9,02,4G,被叫
U00283,13000000283,2026-03-07 17:45:17,103.7,01,5G,被叫
U00283,13000000283,2026-02-20 17:45:17,123.5,02,5G,主叫
U00283,13000000283,2026-02-05 17:45:17,400.2,02,5G,被叫
U00284,13000000284,2026-02-25 17:45:17,555.0,03,5G,主叫
U00284,13000000284,2026-03-07 17:45:17,63.9,02,4G,主叫
U00284,13000000284,2026-02-23 17:45:17,276.3,02,5G,被叫
U00284,13000000284,2026-02-23 17:45:17,237.7,02,5G,主叫
U00284,13000000284,2026-02-19 17:45:17,416.3,02,4G,被叫
U00284,13000000284,2026-02-06 17:45:17,475.0,03,4G,被叫
U00284,13000000284,2026-02-28 17:45:17,188.5,02,5G,被叫
U00285,13000000285,2026-01-27 17:45:17,325.9,02,5G,主叫
U00285,13000000285,2026-02-11 17:45:17,406.0,03,4G,主叫
U00286,13000000286,2026-02-11 17:45:17,307.7,02,4G,被叫
U00286,13000000286,2026-02-22 17:45:17,415.2,02,5G,主叫
U00287,13000000287,2026-02-24 17:45:17,317.5,03,5G,被叫
U00287,13000000287,2026-03-11 17:45:17,192.7,02,5G,主叫
U00287,13000000287,2026-02-09 17:45:17,519.5,02,5G,主叫
U00287,13000000287,2026-03-15 17:45:17,589.2,02,4G,被叫
U00287,13000000287,2026-02-05 17:45:17,42.2,01,5G,被叫
U00287,13000000287,2026-03-13 17:45:17,123.4,02,4G,主叫
U00287,13000000287,2026-02-15 17:45:17,547.2,02,5G,被叫
U00288,13000000288,2026-03-07 17:45:17,331.0,03,4G,主叫
U00288,13000000288,2026-03-04 17:45:17,242.7,01,4G,被叫
U00288,13000000288,2026-03-06 17:45:17,238.3,02,4G,主叫
U00288,13000000288,2026-01-27 17:45:17,460.9,03,5G,主叫
U00288,13000000288,2026-02-04 17:45:17,428.6,03,4G,主叫
U00288,13000000288,2026-02-14 17:45:17,531.6,02,4G,被叫
U00289,13000000289,2026-03-22 17:45:17,202.6,02,4G,被叫
U00289,13000000289,2026-03-08 17:45:17,377.3,03,5G,被叫
U00289,13000000289,2026-02-26 17:45:17,252.5,01,5G,被叫
U00289,13000000289,2026-02-02 17:45:17,305.8,03,4G,主叫
U00289,13000000289,2026-02-17 17:45:17,527.3,01,4G,主叫
U00289,13000000289,2026-03-06 17:45:17,85.2,03,4G,被叫
U00289,13000000289,2026-03-07 17:45:17,483.8,03,4G,被叫
U00289,13000000289,2026-02-13 17:45:17,295.9,03,4G,被叫
U00290,13000000290,2026-02-25 17:45:17,289.5,02,5G,主叫
U00290,13000000290,2026-03-11 17:45:17,64.6,02,4G,主叫
U00290,13000000290,2026-02-01 17:45:17,501.6,01,4G,主叫
U00290,13000000290,2026-03-21 17:45:17,99.3,01,4G,被叫
U00290,13000000290,2026-03-03 17:45:17,419.2,03,4G,主叫
U00290,13000000290,2026-03-20 17:45:17,237.1,01,4G,主叫
U00290,13000000290,2026-03-17 17:45:17,43.8,01,5G,主叫
U00291,13000000291,2026-03-13 17:45:17,208.1,03,5G,主叫
U00291,13000000291,2026-01-30 17:45:17,489.4,01,4G,主叫
U00291,13000000291,2026-03-15 17:45:17,304.6,03,5G,主叫
U00291,13000000291,2026-02-07 17:45:17,59.6,02,5G,被叫
U00291,13000000291,2026-02-01 17:45:17,246.8,01,4G,被叫
U00291,13000000291,2026-03-07 17:45:17,388.1,02,4G,被叫
U00291,13000000291,2026-03-19 17:45:17,312.0,02,5G,主叫
U00292,13000000292,2026-03-07 17:45:17,343.8,03,5G,被叫
U00292,13000000292,2026-01-29 17:45:17,500.4,02,4G,主叫
U00292,13000000292,2026-03-07 17:45:17,34.2,02,4G,被叫
U00292,13000000292,2026-03-17 17:45:17,459.1,01,4G,主叫
U00292,13000000292,2026-02-16 17:45:17,395.2,03,4G,主叫
U00292,13000000292,2026-02-20 17:45:17,73.1,01,5G,被叫
U00292,13000000292,2026-02-05 17:45:17,337.8,02,4G,主叫
U00292,13000000292,2026-02-22 17:45:17,122.6,03,4G,主叫
U00293,13000000293,2026-03-12 17:45:17,497.8,02,4G,主叫
U00293,13000000293,2026-03-08 17:45:17,83.9,01,4G,主叫
U00293,13000000293,2026-02-20 17:45:17,295.9,03,5G,被叫
U00293,13000000293,2026-02-28 17:45:17,68.1,02,4G,被叫
U00293,13000000293,2026-01-24 17:45:17,472.8,03,5G,主叫
U00293,13000000293,2026-02-19 17:45:17,584.2,03,4G,主叫
U00293,13000000293,2026-02-15 17:45:17,196.2,01,5G,主叫
U00294,13000000294,2026-01-23 17:45:17,229.5,02,5G,主叫
U00294,13000000294,2026-02-19 17:45:17,175.2,03,5G,被叫
U00294,13000000294,2026-03-01 17:45:17,212.7,02,5G,主叫
U00295,13000000295,2026-03-18 17:45:17,212.4,02,4G,被叫
U00295,13000000295,2026-02-07 17:45:17,246.2,02,4G,被叫
U00295,13000000295,2026-03-22 17:45:17,463.4,02,4G,被叫
U00295,13000000295,2026-01-30 17:45:17,497.4,01,5G,主叫
U00295,13000000295,2026-02-22 17:45:17,196.5,02,5G,被叫
U00296,13000000296,2026-03-08 17:45:17,407.8,02,5G,被叫
U00296,13000000296,2026-02-23 17:45:17,164.4,01,5G,主叫
U00296,13000000296,2026-01-25 17:45:17,79.6,03,5G,主叫
U00296,13000000296,2026-03-01 17:45:17,182.7,02,4G,被叫
U00296,13000000296,2026-02-05 17:45:17,31.8,02,4G,主叫
U00296,13000000296,2026-02-20 17:45:17,141.5,02,4G,被叫
U00296,13000000296,2026-02-24 17:45:17,132.6,02,5G,被叫
U00297,13000000297,2026-03-08 17:45:17,138.1,02,5G,被叫
U00297,13000000297,2026-03-15 17:45:17,495.6,03,4G,被叫
U00298,13000000298,2026-02-15 17:45:17,109.1,01,4G,主叫
U00298,13000000298,2026-02-07 17:45:17,502.9,03,5G,被叫
U00299,13000000299,2026-02-01 17:45:17,400.1,02,4G,被叫
U00299,13000000299,2026-01-26 17:45:17,236.0,02,4G,被叫
U00300,13000000300,2026-03-07 17:45:17,127.3,02,4G,主叫
U00300,13000000300,2026-03-14 17:45:17,465.0,03,4G,主叫
U00300,13000000300,2026-02-02 17:45:17,168.0,02,5G,主叫
U00300,13000000300,2026-02-23 17:45:17,504.0,02,5G,被叫
